-- Automatically generated by SQLQueryTestSuite
-- Number of queries: 265


-- !query
CREATE TEMPORARY VIEW t AS SELECT 1
-- !query schema
struct<>
-- !query output



-- !query
SELECT cast(1 as binary) = '1' FROM t
-- !query schema
struct<(CAST(1 AS BINARY) = CAST(1 AS BINARY)):boolean>
-- !query output
false


-- !query
SELECT cast(1 as binary) > '2' FROM t
-- !query schema
struct<(CAST(1 AS BINARY) > CAST(2 AS BINARY)):boolean>
-- !query output
false


-- !query
SELECT cast(1 as binary) >= '2' FROM t
-- !query schema
struct<(CAST(1 AS BINARY) >= CAST(2 AS BINARY)):boolean>
-- !query output
false


-- !query
SELECT cast(1 as binary) < '2' FROM t
-- !query schema
struct<(CAST(1 AS BINARY) < CAST(2 AS BINARY)):boolean>
-- !query output
true


-- !query
SELECT cast(1 as binary) <= '2' FROM t
-- !query schema
struct<(CAST(1 AS BINARY) <= CAST(2 AS BINARY)):boolean>
-- !query output
true


-- !query
SELECT cast(1 as binary) <> '2' FROM t
-- !query schema
struct<(NOT (CAST(1 AS BINARY) = CAST(2 AS BINARY))):boolean>
-- !query output
true


-- !query
SELECT cast(1 as binary) = cast(null as string) FROM t
-- !query schema
struct<(CAST(1 AS BINARY) = CAST(CAST(NULL AS STRING) AS BINARY)):boolean>
-- !query output
NULL


-- !query
SELECT cast(1 as binary) > cast(null as string) FROM t
-- !query schema
struct<(CAST(1 AS BINARY) > CAST(CAST(NULL AS STRING) AS BINARY)):boolean>
-- !query output
NULL


-- !query
SELECT cast(1 as binary) >= cast(null as string) FROM t
-- !query schema
struct<(CAST(1 AS BINARY) >= CAST(CAST(NULL AS STRING) AS BINARY)):boolean>
-- !query output
NULL


-- !query
SELECT cast(1 as binary) < cast(null as string) FROM t
-- !query schema
struct<(CAST(1 AS BINARY) < CAST(CAST(NULL AS STRING) AS BINARY)):boolean>
-- !query output
NULL


-- !query
SELECT cast(1 as binary) <= cast(null as string) FROM t
-- !query schema
struct<(CAST(1 AS BINARY) <= CAST(CAST(NULL AS STRING) AS BINARY)):boolean>
-- !query output
NULL


-- !query
SELECT cast(1 as binary) <> cast(null as string) FROM t
-- !query schema
struct<(NOT (CAST(1 AS BINARY) = CAST(CAST(NULL AS STRING) AS BINARY))):boolean>
-- !query output
NULL


-- !query
SELECT '1' = cast(1 as binary) FROM t
-- !query schema
struct<(CAST(1 AS BINARY) = CAST(1 AS BINARY)):boolean>
-- !query output
false


-- !query
SELECT '2' > cast(1 as binary) FROM t
-- !query schema
struct<(CAST(2 AS BINARY) > CAST(1 AS BINARY)):boolean>
-- !query output
true


-- !query
SELECT '2' >= cast(1 as binary) FROM t
-- !query schema
struct<(CAST(2 AS BINARY) >= CAST(1 AS BINARY)):boolean>
-- !query output
true


-- !query
SELECT '2' < cast(1 as binary) FROM t
-- !query schema
struct<(CAST(2 AS BINARY) < CAST(1 AS BINARY)):boolean>
-- !query output
false


-- !query
SELECT '2' <= cast(1 as binary) FROM t
-- !query schema
struct<(CAST(2 AS BINARY) <= CAST(1 AS BINARY)):boolean>
-- !query output
false


-- !query
SELECT '2' <> cast(1 as binary) FROM t
-- !query schema
struct<(NOT (CAST(2 AS BINARY) = CAST(1 AS BINARY))):boolean>
-- !query output
true


-- !query
SELECT cast(null as string) = cast(1 as binary) FROM t
-- !query schema
struct<(CAST(CAST(NULL AS STRING) AS BINARY) = CAST(1 AS BINARY)):boolean>
-- !query output
NULL


-- !query
SELECT cast(null as string) > cast(1 as binary) FROM t
-- !query schema
struct<(CAST(CAST(NULL AS STRING) AS BINARY) > CAST(1 AS BINARY)):boolean>
-- !query output
NULL


-- !query
SELECT cast(null as string) >= cast(1 as binary) FROM t
-- !query schema
struct<(CAST(CAST(NULL AS STRING) AS BINARY) >= CAST(1 AS BINARY)):boolean>
-- !query output
NULL


-- !query
SELECT cast(null as string) < cast(1 as binary) FROM t
-- !query schema
struct<(CAST(CAST(NULL AS STRING) AS BINARY) < CAST(1 AS BINARY)):boolean>
-- !query output
NULL


-- !query
SELECT cast(null as string) <= cast(1 as binary) FROM t
-- !query schema
struct<(CAST(CAST(NULL AS STRING) AS BINARY) <= CAST(1 AS BINARY)):boolean>
-- !query output
NULL


-- !query
SELECT cast(null as string) <> cast(1 as binary) FROM t
-- !query schema
struct<(NOT (CAST(CAST(NULL AS STRING) AS BINARY) = CAST(1 AS BINARY))):boolean>
-- !query output
NULL


-- !query
SELECT cast(1 as tinyint) = '1' FROM t
-- !query schema
struct<(CAST(1 AS TINYINT) = CAST(1 AS TINYINT)):boolean>
-- !query output
true


-- !query
SELECT cast(1 as tinyint) > '2' FROM t
-- !query schema
struct<(CAST(1 AS TINYINT) > CAST(2 AS TINYINT)):boolean>
-- !query output
false


-- !query
SELECT cast(1 as tinyint) >= '2' FROM t
-- !query schema
struct<(CAST(1 AS TINYINT) >= CAST(2 AS TINYINT)):boolean>
-- !query output
false


-- !query
SELECT cast(1 as tinyint) < '2' FROM t
-- !query schema
struct<(CAST(1 AS TINYINT) < CAST(2 AS TINYINT)):boolean>
-- !query output
true


-- !query
SELECT cast(1 as tinyint) <= '2' FROM t
-- !query schema
struct<(CAST(1 AS TINYINT) <= CAST(2 AS TINYINT)):boolean>
-- !query output
true


-- !query
SELECT cast(1 as tinyint) <> '2' FROM t
-- !query schema
struct<(NOT (CAST(1 AS TINYINT) = CAST(2 AS TINYINT))):boolean>
-- !query output
true


-- !query
SELECT cast(1 as tinyint) = cast(null as string) FROM t
-- !query schema
struct<(CAST(1 AS TINYINT) = CAST(CAST(NULL AS STRING) AS TINYINT)):boolean>
-- !query output
NULL


-- !query
SELECT cast(1 as tinyint) > cast(null as string) FROM t
-- !query schema
struct<(CAST(1 AS TINYINT) > CAST(CAST(NULL AS STRING) AS TINYINT)):boolean>
-- !query output
NULL


-- !query
SELECT cast(1 as tinyint) >= cast(null as string) FROM t
-- !query schema
struct<(CAST(1 AS TINYINT) >= CAST(CAST(NULL AS STRING) AS TINYINT)):boolean>
-- !query output
NULL


-- !query
SELECT cast(1 as tinyint) < cast(null as string) FROM t
-- !query schema
struct<(CAST(1 AS TINYINT) < CAST(CAST(NULL AS STRING) AS TINYINT)):boolean>
-- !query output
NULL


-- !query
SELECT cast(1 as tinyint) <= cast(null as string) FROM t
-- !query schema
struct<(CAST(1 AS TINYINT) <= CAST(CAST(NULL AS STRING) AS TINYINT)):boolean>
-- !query output
NULL


-- !query
SELECT cast(1 as tinyint) <> cast(null as string) FROM t
-- !query schema
struct<(NOT (CAST(1 AS TINYINT) = CAST(CAST(NULL AS STRING) AS TINYINT))):boolean>
-- !query output
NULL


-- !query
SELECT '1' = cast(1 as tinyint) FROM t
-- !query schema
struct<(CAST(1 AS TINYINT) = CAST(1 AS TINYINT)):boolean>
-- !query output
true


-- !query
SELECT '2' > cast(1 as tinyint) FROM t
-- !query schema
struct<(CAST(2 AS TINYINT) > CAST(1 AS TINYINT)):boolean>
-- !query output
true


-- !query
SELECT '2' >= cast(1 as tinyint) FROM t
-- !query schema
struct<(CAST(2 AS TINYINT) >= CAST(1 AS TINYINT)):boolean>
-- !query output
true


-- !query
SELECT '2' < cast(1 as tinyint) FROM t
-- !query schema
struct<(CAST(2 AS TINYINT) < CAST(1 AS TINYINT)):boolean>
-- !query output
false


-- !query
SELECT '2' <= cast(1 as tinyint) FROM t
-- !query schema
struct<(CAST(2 AS TINYINT) <= CAST(1 AS TINYINT)):boolean>
-- !query output
false


-- !query
SELECT '2' <> cast(1 as tinyint) FROM t
-- !query schema
struct<(NOT (CAST(2 AS TINYINT) = CAST(1 AS TINYINT))):boolean>
-- !query output
true


-- !query
SELECT cast(null as string) = cast(1 as tinyint) FROM t
-- !query schema
struct<(CAST(CAST(NULL AS STRING) AS TINYINT) = CAST(1 AS TINYINT)):boolean>
-- !query output
NULL


-- !query
SELECT cast(null as string) > cast(1 as tinyint) FROM t
-- !query schema
struct<(CAST(CAST(NULL AS STRING) AS TINYINT) > CAST(1 AS TINYINT)):boolean>
-- !query output
NULL


-- !query
SELECT cast(null as string) >= cast(1 as tinyint) FROM t
-- !query schema
struct<(CAST(CAST(NULL AS STRING) AS TINYINT) >= CAST(1 AS TINYINT)):boolean>
-- !query output
NULL


-- !query
SELECT cast(null as string) < cast(1 as tinyint) FROM t
-- !query schema
struct<(CAST(CAST(NULL AS STRING) AS TINYINT) < CAST(1 AS TINYINT)):boolean>
-- !query output
NULL


-- !query
SELECT cast(null as string) <= cast(1 as tinyint) FROM t
-- !query schema
struct<(CAST(CAST(NULL AS STRING) AS TINYINT) <= CAST(1 AS TINYINT)):boolean>
-- !query output
NULL


-- !query
SELECT cast(null as string) <> cast(1 as tinyint) FROM t
-- !query schema
struct<(NOT (CAST(CAST(NULL AS STRING) AS TINYINT) = CAST(1 AS TINYINT))):boolean>
-- !query output
NULL


-- !query
SELECT cast(1 as smallint) = '1' FROM t
-- !query schema
struct<(CAST(1 AS SMALLINT) = CAST(1 AS SMALLINT)):boolean>
-- !query output
true


-- !query
SELECT cast(1 as smallint) > '2' FROM t
-- !query schema
struct<(CAST(1 AS SMALLINT) > CAST(2 AS SMALLINT)):boolean>
-- !query output
false


-- !query
SELECT cast(1 as smallint) >= '2' FROM t
-- !query schema
struct<(CAST(1 AS SMALLINT) >= CAST(2 AS SMALLINT)):boolean>
-- !query output
false


-- !query
SELECT cast(1 as smallint) < '2' FROM t
-- !query schema
struct<(CAST(1 AS SMALLINT) < CAST(2 AS SMALLINT)):boolean>
-- !query output
true


-- !query
SELECT cast(1 as smallint) <= '2' FROM t
-- !query schema
struct<(CAST(1 AS SMALLINT) <= CAST(2 AS SMALLINT)):boolean>
-- !query output
true


-- !query
SELECT cast(1 as smallint) <> '2' FROM t
-- !query schema
struct<(NOT (CAST(1 AS SMALLINT) = CAST(2 AS SMALLINT))):boolean>
-- !query output
true


-- !query
SELECT cast(1 as smallint) = cast(null as string) FROM t
-- !query schema
struct<(CAST(1 AS SMALLINT) = CAST(CAST(NULL AS STRING) AS SMALLINT)):boolean>
-- !query output
NULL


-- !query
SELECT cast(1 as smallint) > cast(null as string) FROM t
-- !query schema
struct<(CAST(1 AS SMALLINT) > CAST(CAST(NULL AS STRING) AS SMALLINT)):boolean>
-- !query output
NULL


-- !query
SELECT cast(1 as smallint) >= cast(null as string) FROM t
-- !query schema
struct<(CAST(1 AS SMALLINT) >= CAST(CAST(NULL AS STRING) AS SMALLINT)):boolean>
-- !query output
NULL


-- !query
SELECT cast(1 as smallint) < cast(null as string) FROM t
-- !query schema
struct<(CAST(1 AS SMALLINT) < CAST(CAST(NULL AS STRING) AS SMALLINT)):boolean>
-- !query output
NULL


-- !query
SELECT cast(1 as smallint) <= cast(null as string) FROM t
-- !query schema
struct<(CAST(1 AS SMALLINT) <= CAST(CAST(NULL AS STRING) AS SMALLINT)):boolean>
-- !query output
NULL


-- !query
SELECT cast(1 as smallint) <> cast(null as string) FROM t
-- !query schema
struct<(NOT (CAST(1 AS SMALLINT) = CAST(CAST(NULL AS STRING) AS SMALLINT))):boolean>
-- !query output
NULL


-- !query
SELECT '1' = cast(1 as smallint) FROM t
-- !query schema
struct<(CAST(1 AS SMALLINT) = CAST(1 AS SMALLINT)):boolean>
-- !query output
true


-- !query
SELECT '2' > cast(1 as smallint) FROM t
-- !query schema
struct<(CAST(2 AS SMALLINT) > CAST(1 AS SMALLINT)):boolean>
-- !query output
true


-- !query
SELECT '2' >= cast(1 as smallint) FROM t
-- !query schema
struct<(CAST(2 AS SMALLINT) >= CAST(1 AS SMALLINT)):boolean>
-- !query output
true


-- !query
SELECT '2' < cast(1 as smallint) FROM t
-- !query schema
struct<(CAST(2 AS SMALLINT) < CAST(1 AS SMALLINT)):boolean>
-- !query output
false


-- !query
SELECT '2' <= cast(1 as smallint) FROM t
-- !query schema
struct<(CAST(2 AS SMALLINT) <= CAST(1 AS SMALLINT)):boolean>
-- !query output
false


-- !query
SELECT '2' <> cast(1 as smallint) FROM t
-- !query schema
struct<(NOT (CAST(2 AS SMALLINT) = CAST(1 AS SMALLINT))):boolean>
-- !query output
true


-- !query
SELECT cast(null as string) = cast(1 as smallint) FROM t
-- !query schema
struct<(CAST(CAST(NULL AS STRING) AS SMALLINT) = CAST(1 AS SMALLINT)):boolean>
-- !query output
NULL


-- !query
SELECT cast(null as string) > cast(1 as smallint) FROM t
-- !query schema
struct<(CAST(CAST(NULL AS STRING) AS SMALLINT) > CAST(1 AS SMALLINT)):boolean>
-- !query output
NULL


-- !query
SELECT cast(null as string) >= cast(1 as smallint) FROM t
-- !query schema
struct<(CAST(CAST(NULL AS STRING) AS SMALLINT) >= CAST(1 AS SMALLINT)):boolean>
-- !query output
NULL


-- !query
SELECT cast(null as string) < cast(1 as smallint) FROM t
-- !query schema
struct<(CAST(CAST(NULL AS STRING) AS SMALLINT) < CAST(1 AS SMALLINT)):boolean>
-- !query output
NULL


-- !query
SELECT cast(null as string) <= cast(1 as smallint) FROM t
-- !query schema
struct<(CAST(CAST(NULL AS STRING) AS SMALLINT) <= CAST(1 AS SMALLINT)):boolean>
-- !query output
NULL


-- !query
SELECT cast(null as string) <> cast(1 as smallint) FROM t
-- !query schema
struct<(NOT (CAST(CAST(NULL AS STRING) AS SMALLINT) = CAST(1 AS SMALLINT))):boolean>
-- !query output
NULL


-- !query
SELECT cast(1 as int) = '1' FROM t
-- !query schema
struct<(CAST(1 AS INT) = CAST(1 AS INT)):boolean>
-- !query output
true


-- !query
SELECT cast(1 as int) > '2' FROM t
-- !query schema
struct<(CAST(1 AS INT) > CAST(2 AS INT)):boolean>
-- !query output
false


-- !query
SELECT cast(1 as int) >= '2' FROM t
-- !query schema
struct<(CAST(1 AS INT) >= CAST(2 AS INT)):boolean>
-- !query output
false


-- !query
SELECT cast(1 as int) < '2' FROM t
-- !query schema
struct<(CAST(1 AS INT) < CAST(2 AS INT)):boolean>
-- !query output
true


-- !query
SELECT cast(1 as int) <= '2' FROM t
-- !query schema
struct<(CAST(1 AS INT) <= CAST(2 AS INT)):boolean>
-- !query output
true


-- !query
SELECT cast(1 as int) <> '2' FROM t
-- !query schema
struct<(NOT (CAST(1 AS INT) = CAST(2 AS INT))):boolean>
-- !query output
true


-- !query
SELECT cast(1 as int) = cast(null as string) FROM t
-- !query schema
struct<(CAST(1 AS INT) = CAST(CAST(NULL AS STRING) AS INT)):boolean>
-- !query output
NULL


-- !query
SELECT cast(1 as int) > cast(null as string) FROM t
-- !query schema
struct<(CAST(1 AS INT) > CAST(CAST(NULL AS STRING) AS INT)):boolean>
-- !query output
NULL


-- !query
SELECT cast(1 as int) >= cast(null as string) FROM t
-- !query schema
struct<(CAST(1 AS INT) >= CAST(CAST(NULL AS STRING) AS INT)):boolean>
-- !query output
NULL


-- !query
SELECT cast(1 as int) < cast(null as string) FROM t
-- !query schema
struct<(CAST(1 AS INT) < CAST(CAST(NULL AS STRING) AS INT)):boolean>
-- !query output
NULL


-- !query
SELECT cast(1 as int) <= cast(null as string) FROM t
-- !query schema
struct<(CAST(1 AS INT) <= CAST(CAST(NULL AS STRING) AS INT)):boolean>
-- !query output
NULL


-- !query
SELECT cast(1 as int) <> cast(null as string) FROM t
-- !query schema
struct<(NOT (CAST(1 AS INT) = CAST(CAST(NULL AS STRING) AS INT))):boolean>
-- !query output
NULL


-- !query
SELECT '1' = cast(1 as int) FROM t
-- !query schema
struct<(CAST(1 AS INT) = CAST(1 AS INT)):boolean>
-- !query output
true


-- !query
SELECT '2' > cast(1 as int) FROM t
-- !query schema
struct<(CAST(2 AS INT) > CAST(1 AS INT)):boolean>
-- !query output
true


-- !query
SELECT '2' >= cast(1 as int) FROM t
-- !query schema
struct<(CAST(2 AS INT) >= CAST(1 AS INT)):boolean>
-- !query output
true


-- !query
SELECT '2' < cast(1 as int) FROM t
-- !query schema
struct<(CAST(2 AS INT) < CAST(1 AS INT)):boolean>
-- !query output
false


-- !query
SELECT '2' <> cast(1 as int) FROM t
-- !query schema
struct<(NOT (CAST(2 AS INT) = CAST(1 AS INT))):boolean>
-- !query output
true


-- !query
SELECT '2' <= cast(1 as int) FROM t
-- !query schema
struct<(CAST(2 AS INT) <= CAST(1 AS INT)):boolean>
-- !query output
false


-- !query
SELECT cast(null as string) = cast(1 as int) FROM t
-- !query schema
struct<(CAST(CAST(NULL AS STRING) AS INT) = CAST(1 AS INT)):boolean>
-- !query output
NULL


-- !query
SELECT cast(null as string) > cast(1 as int) FROM t
-- !query schema
struct<(CAST(CAST(NULL AS STRING) AS INT) > CAST(1 AS INT)):boolean>
-- !query output
NULL


-- !query
SELECT cast(null as string) >= cast(1 as int) FROM t
-- !query schema
struct<(CAST(CAST(NULL AS STRING) AS INT) >= CAST(1 AS INT)):boolean>
-- !query output
NULL


-- !query
SELECT cast(null as string) < cast(1 as int) FROM t
-- !query schema
struct<(CAST(CAST(NULL AS STRING) AS INT) < CAST(1 AS INT)):boolean>
-- !query output
NULL


-- !query
SELECT cast(null as string) <> cast(1 as int) FROM t
-- !query schema
struct<(NOT (CAST(CAST(NULL AS STRING) AS INT) = CAST(1 AS INT))):boolean>
-- !query output
NULL


-- !query
SELECT cast(null as string) <= cast(1 as int) FROM t
-- !query schema
struct<(CAST(CAST(NULL AS STRING) AS INT) <= CAST(1 AS INT)):boolean>
-- !query output
NULL


-- !query
SELECT cast(1 as bigint) = '1' FROM t
-- !query schema
struct<(CAST(1 AS BIGINT) = CAST(1 AS BIGINT)):boolean>
-- !query output
true


-- !query
SELECT cast(1 as bigint) > '2' FROM t
-- !query schema
struct<(CAST(1 AS BIGINT) > CAST(2 AS BIGINT)):boolean>
-- !query output
false


-- !query
SELECT cast(1 as bigint) >= '2' FROM t
-- !query schema
struct<(CAST(1 AS BIGINT) >= CAST(2 AS BIGINT)):boolean>
-- !query output
false


-- !query
SELECT cast(1 as bigint) < '2' FROM t
-- !query schema
struct<(CAST(1 AS BIGINT) < CAST(2 AS BIGINT)):boolean>
-- !query output
true


-- !query
SELECT cast(1 as bigint) <= '2' FROM t
-- !query schema
struct<(CAST(1 AS BIGINT) <= CAST(2 AS BIGINT)):boolean>
-- !query output
true


-- !query
SELECT cast(1 as bigint) <> '2' FROM t
-- !query schema
struct<(NOT (CAST(1 AS BIGINT) = CAST(2 AS BIGINT))):boolean>
-- !query output
true


-- !query
SELECT cast(1 as bigint) = cast(null as string) FROM t
-- !query schema
struct<(CAST(1 AS BIGINT) = CAST(CAST(NULL AS STRING) AS BIGINT)):boolean>
-- !query output
NULL


-- !query
SELECT cast(1 as bigint) > cast(null as string) FROM t
-- !query schema
struct<(CAST(1 AS BIGINT) > CAST(CAST(NULL AS STRING) AS BIGINT)):boolean>
-- !query output
NULL


-- !query
SELECT cast(1 as bigint) >= cast(null as string) FROM t
-- !query schema
struct<(CAST(1 AS BIGINT) >= CAST(CAST(NULL AS STRING) AS BIGINT)):boolean>
-- !query output
NULL


-- !query
SELECT cast(1 as bigint) < cast(null as string) FROM t
-- !query schema
struct<(CAST(1 AS BIGINT) < CAST(CAST(NULL AS STRING) AS BIGINT)):boolean>
-- !query output
NULL


-- !query
SELECT cast(1 as bigint) <= cast(null as string) FROM t
-- !query schema
struct<(CAST(1 AS BIGINT) <= CAST(CAST(NULL AS STRING) AS BIGINT)):boolean>
-- !query output
NULL


-- !query
SELECT cast(1 as bigint) <> cast(null as string) FROM t
-- !query schema
struct<(NOT (CAST(1 AS BIGINT) = CAST(CAST(NULL AS STRING) AS BIGINT))):boolean>
-- !query output
NULL


-- !query
SELECT '1' = cast(1 as bigint) FROM t
-- !query schema
struct<(CAST(1 AS BIGINT) = CAST(1 AS BIGINT)):boolean>
-- !query output
true


-- !query
SELECT '2' > cast(1 as bigint) FROM t
-- !query schema
struct<(CAST(2 AS BIGINT) > CAST(1 AS BIGINT)):boolean>
-- !query output
true


-- !query
SELECT '2' >= cast(1 as bigint) FROM t
-- !query schema
struct<(CAST(2 AS BIGINT) >= CAST(1 AS BIGINT)):boolean>
-- !query output
true


-- !query
SELECT '2' < cast(1 as bigint) FROM t
-- !query schema
struct<(CAST(2 AS BIGINT) < CAST(1 AS BIGINT)):boolean>
-- !query output
false


-- !query
SELECT '2' <= cast(1 as bigint) FROM t
-- !query schema
struct<(CAST(2 AS BIGINT) <= CAST(1 AS BIGINT)):boolean>
-- !query output
false


-- !query
SELECT '2' <> cast(1 as bigint) FROM t
-- !query schema
struct<(NOT (CAST(2 AS BIGINT) = CAST(1 AS BIGINT))):boolean>
-- !query output
true


-- !query
SELECT cast(null as string) = cast(1 as bigint) FROM t
-- !query schema
struct<(CAST(CAST(NULL AS STRING) AS BIGINT) = CAST(1 AS BIGINT)):boolean>
-- !query output
NULL


-- !query
SELECT cast(null as string) > cast(1 as bigint) FROM t
-- !query schema
struct<(CAST(CAST(NULL AS STRING) AS BIGINT) > CAST(1 AS BIGINT)):boolean>
-- !query output
NULL


-- !query
SELECT cast(null as string) >= cast(1 as bigint) FROM t
-- !query schema
struct<(CAST(CAST(NULL AS STRING) AS BIGINT) >= CAST(1 AS BIGINT)):boolean>
-- !query output
NULL


-- !query
SELECT cast(null as string) < cast(1 as bigint) FROM t
-- !query schema
struct<(CAST(CAST(NULL AS STRING) AS BIGINT) < CAST(1 AS BIGINT)):boolean>
-- !query output
NULL


-- !query
SELECT cast(null as string) <= cast(1 as bigint) FROM t
-- !query schema
struct<(CAST(CAST(NULL AS STRING) AS BIGINT) <= CAST(1 AS BIGINT)):boolean>
-- !query output
NULL


-- !query
SELECT cast(null as string) <> cast(1 as bigint) FROM t
-- !query schema
struct<(NOT (CAST(CAST(NULL AS STRING) AS BIGINT) = CAST(1 AS BIGINT))):boolean>
-- !query output
NULL


-- !query
SELECT cast(1 as decimal(10, 0)) = '1' FROM t
-- !query schema
struct<(CAST(CAST(1 AS DECIMAL(10,0)) AS DOUBLE) = CAST(1 AS DOUBLE)):boolean>
-- !query output
true


-- !query
SELECT cast(1 as decimal(10, 0)) > '2' FROM t
-- !query schema
struct<(CAST(CAST(1 AS DECIMAL(10,0)) AS DOUBLE) > CAST(2 AS DOUBLE)):boolean>
-- !query output
false


-- !query
SELECT cast(1 as decimal(10, 0)) >= '2' FROM t
-- !query schema
struct<(CAST(CAST(1 AS DECIMAL(10,0)) AS DOUBLE) >= CAST(2 AS DOUBLE)):boolean>
-- !query output
false


-- !query
SELECT cast(1 as decimal(10, 0)) < '2' FROM t
-- !query schema
struct<(CAST(CAST(1 AS DECIMAL(10,0)) AS DOUBLE) < CAST(2 AS DOUBLE)):boolean>
-- !query output
true


-- !query
SELECT cast(1 as decimal(10, 0)) <> '2' FROM t
-- !query schema
struct<(NOT (CAST(CAST(1 AS DECIMAL(10,0)) AS DOUBLE) = CAST(2 AS DOUBLE))):boolean>
-- !query output
true


-- !query
SELECT cast(1 as decimal(10, 0)) <= '2' FROM t
-- !query schema
struct<(CAST(CAST(1 AS DECIMAL(10,0)) AS DOUBLE) <= CAST(2 AS DOUBLE)):boolean>
-- !query output
true


-- !query
SELECT cast(1 as decimal(10, 0)) = cast(null as string) FROM t
-- !query schema
struct<(CAST(CAST(1 AS DECIMAL(10,0)) AS DOUBLE) = CAST(CAST(NULL AS STRING) AS DOUBLE)):boolean>
-- !query output
NULL


-- !query
SELECT cast(1 as decimal(10, 0)) > cast(null as string) FROM t
-- !query schema
struct<(CAST(CAST(1 AS DECIMAL(10,0)) AS DOUBLE) > CAST(CAST(NULL AS STRING) AS DOUBLE)):boolean>
-- !query output
NULL


-- !query
SELECT cast(1 as decimal(10, 0)) >= cast(null as string) FROM t
-- !query schema
struct<(CAST(CAST(1 AS DECIMAL(10,0)) AS DOUBLE) >= CAST(CAST(NULL AS STRING) AS DOUBLE)):boolean>
-- !query output
NULL


-- !query
SELECT cast(1 as decimal(10, 0)) < cast(null as string) FROM t
-- !query schema
struct<(CAST(CAST(1 AS DECIMAL(10,0)) AS DOUBLE) < CAST(CAST(NULL AS STRING) AS DOUBLE)):boolean>
-- !query output
NULL


-- !query
SELECT cast(1 as decimal(10, 0)) <> cast(null as string) FROM t
-- !query schema
struct<(NOT (CAST(CAST(1 AS DECIMAL(10,0)) AS DOUBLE) = CAST(CAST(NULL AS STRING) AS DOUBLE))):boolean>
-- !query output
NULL


-- !query
SELECT cast(1 as decimal(10, 0)) <= cast(null as string) FROM t
-- !query schema
struct<(CAST(CAST(1 AS DECIMAL(10,0)) AS DOUBLE) <= CAST(CAST(NULL AS STRING) AS DOUBLE)):boolean>
-- !query output
NULL


-- !query
SELECT '1' = cast(1 as decimal(10, 0)) FROM t
-- !query schema
struct<(CAST(1 AS DOUBLE) = CAST(CAST(1 AS DECIMAL(10,0)) AS DOUBLE)):boolean>
-- !query output
true


-- !query
SELECT '2' > cast(1 as decimal(10, 0)) FROM t
-- !query schema
struct<(CAST(2 AS DOUBLE) > CAST(CAST(1 AS DECIMAL(10,0)) AS DOUBLE)):boolean>
-- !query output
true


-- !query
SELECT '2' >= cast(1 as decimal(10, 0)) FROM t
-- !query schema
struct<(CAST(2 AS DOUBLE) >= CAST(CAST(1 AS DECIMAL(10,0)) AS DOUBLE)):boolean>
-- !query output
true


-- !query
SELECT '2' < cast(1 as decimal(10, 0)) FROM t
-- !query schema
struct<(CAST(2 AS DOUBLE) < CAST(CAST(1 AS DECIMAL(10,0)) AS DOUBLE)):boolean>
-- !query output
false


-- !query
SELECT '2' <= cast(1 as decimal(10, 0)) FROM t
-- !query schema
struct<(CAST(2 AS DOUBLE) <= CAST(CAST(1 AS DECIMAL(10,0)) AS DOUBLE)):boolean>
-- !query output
false


-- !query
SELECT '2' <> cast(1 as decimal(10, 0)) FROM t
-- !query schema
struct<(NOT (CAST(2 AS DOUBLE) = CAST(CAST(1 AS DECIMAL(10,0)) AS DOUBLE))):boolean>
-- !query output
true


-- !query
SELECT cast(null as string) = cast(1 as decimal(10, 0)) FROM t
-- !query schema
struct<(CAST(CAST(NULL AS STRING) AS DOUBLE) = CAST(CAST(1 AS DECIMAL(10,0)) AS DOUBLE)):boolean>
-- !query output
NULL


-- !query
SELECT cast(null as string) > cast(1 as decimal(10, 0)) FROM t
-- !query schema
struct<(CAST(CAST(NULL AS STRING) AS DOUBLE) > CAST(CAST(1 AS DECIMAL(10,0)) AS DOUBLE)):boolean>
-- !query output
NULL


-- !query
SELECT cast(null as string) >= cast(1 as decimal(10, 0)) FROM t
-- !query schema
struct<(CAST(CAST(NULL AS STRING) AS DOUBLE) >= CAST(CAST(1 AS DECIMAL(10,0)) AS DOUBLE)):boolean>
-- !query output
NULL


-- !query
SELECT cast(null as string) < cast(1 as decimal(10, 0)) FROM t
-- !query schema
struct<(CAST(CAST(NULL AS STRING) AS DOUBLE) < CAST(CAST(1 AS DECIMAL(10,0)) AS DOUBLE)):boolean>
-- !query output
NULL


-- !query
SELECT cast(null as string) <= cast(1 as decimal(10, 0)) FROM t
-- !query schema
struct<(CAST(CAST(NULL AS STRING) AS DOUBLE) <= CAST(CAST(1 AS DECIMAL(10,0)) AS DOUBLE)):boolean>
-- !query output
NULL


-- !query
SELECT cast(null as string) <> cast(1 as decimal(10, 0)) FROM t
-- !query schema
struct<(NOT (CAST(CAST(NULL AS STRING) AS DOUBLE) = CAST(CAST(1 AS DECIMAL(10,0)) AS DOUBLE))):boolean>
-- !query output
NULL


-- !query
SELECT cast(1 as double) = '1' FROM t
-- !query schema
struct<(CAST(1 AS DOUBLE) = CAST(1 AS DOUBLE)):boolean>
-- !query output
true


-- !query
SELECT cast(1 as double) > '2' FROM t
-- !query schema
struct<(CAST(1 AS DOUBLE) > CAST(2 AS DOUBLE)):boolean>
-- !query output
false


-- !query
SELECT cast(1 as double) >= '2' FROM t
-- !query schema
struct<(CAST(1 AS DOUBLE) >= CAST(2 AS DOUBLE)):boolean>
-- !query output
false


-- !query
SELECT cast(1 as double) < '2' FROM t
-- !query schema
struct<(CAST(1 AS DOUBLE) < CAST(2 AS DOUBLE)):boolean>
-- !query output
true


-- !query
SELECT cast(1 as double) <= '2' FROM t
-- !query schema
struct<(CAST(1 AS DOUBLE) <= CAST(2 AS DOUBLE)):boolean>
-- !query output
true


-- !query
SELECT cast(1 as double) <> '2' FROM t
-- !query schema
struct<(NOT (CAST(1 AS DOUBLE) = CAST(2 AS DOUBLE))):boolean>
-- !query output
true


-- !query
SELECT cast(1 as double) = cast(null as string) FROM t
-- !query schema
struct<(CAST(1 AS DOUBLE) = CAST(CAST(NULL AS STRING) AS DOUBLE)):boolean>
-- !query output
NULL


-- !query
SELECT cast(1 as double) > cast(null as string) FROM t
-- !query schema
struct<(CAST(1 AS DOUBLE) > CAST(CAST(NULL AS STRING) AS DOUBLE)):boolean>
-- !query output
NULL


-- !query
SELECT cast(1 as double) >= cast(null as string) FROM t
-- !query schema
struct<(CAST(1 AS DOUBLE) >= CAST(CAST(NULL AS STRING) AS DOUBLE)):boolean>
-- !query output
NULL


-- !query
SELECT cast(1 as double) < cast(null as string) FROM t
-- !query schema
struct<(CAST(1 AS DOUBLE) < CAST(CAST(NULL AS STRING) AS DOUBLE)):boolean>
-- !query output
NULL


-- !query
SELECT cast(1 as double) <= cast(null as string) FROM t
-- !query schema
struct<(CAST(1 AS DOUBLE) <= CAST(CAST(NULL AS STRING) AS DOUBLE)):boolean>
-- !query output
NULL


-- !query
SELECT cast(1 as double) <> cast(null as string) FROM t
-- !query schema
struct<(NOT (CAST(1 AS DOUBLE) = CAST(CAST(NULL AS STRING) AS DOUBLE))):boolean>
-- !query output
NULL


-- !query
SELECT '1' = cast(1 as double) FROM t
-- !query schema
struct<(CAST(1 AS DOUBLE) = CAST(1 AS DOUBLE)):boolean>
-- !query output
true


-- !query
SELECT '2' > cast(1 as double) FROM t
-- !query schema
struct<(CAST(2 AS DOUBLE) > CAST(1 AS DOUBLE)):boolean>
-- !query output
true


-- !query
SELECT '2' >= cast(1 as double) FROM t
-- !query schema
struct<(CAST(2 AS DOUBLE) >= CAST(1 AS DOUBLE)):boolean>
-- !query output
true


-- !query
SELECT '2' < cast(1 as double) FROM t
-- !query schema
struct<(CAST(2 AS DOUBLE) < CAST(1 AS DOUBLE)):boolean>
-- !query output
false


-- !query
SELECT '2' <= cast(1 as double) FROM t
-- !query schema
struct<(CAST(2 AS DOUBLE) <= CAST(1 AS DOUBLE)):boolean>
-- !query output
false


-- !query
SELECT '2' <> cast(1 as double) FROM t
-- !query schema
struct<(NOT (CAST(2 AS DOUBLE) = CAST(1 AS DOUBLE))):boolean>
-- !query output
true


-- !query
SELECT cast(null as string) = cast(1 as double) FROM t
-- !query schema
struct<(CAST(CAST(NULL AS STRING) AS DOUBLE) = CAST(1 AS DOUBLE)):boolean>
-- !query output
NULL


-- !query
SELECT cast(null as string) > cast(1 as double) FROM t
-- !query schema
struct<(CAST(CAST(NULL AS STRING) AS DOUBLE) > CAST(1 AS DOUBLE)):boolean>
-- !query output
NULL


-- !query
SELECT cast(null as string) >= cast(1 as double) FROM t
-- !query schema
struct<(CAST(CAST(NULL AS STRING) AS DOUBLE) >= CAST(1 AS DOUBLE)):boolean>
-- !query output
NULL


-- !query
SELECT cast(null as string) < cast(1 as double) FROM t
-- !query schema
struct<(CAST(CAST(NULL AS STRING) AS DOUBLE) < CAST(1 AS DOUBLE)):boolean>
-- !query output
NULL


-- !query
SELECT cast(null as string) <= cast(1 as double) FROM t
-- !query schema
struct<(CAST(CAST(NULL AS STRING) AS DOUBLE) <= CAST(1 AS DOUBLE)):boolean>
-- !query output
NULL


-- !query
SELECT cast(null as string) <> cast(1 as double) FROM t
-- !query schema
struct<(NOT (CAST(CAST(NULL AS STRING) AS DOUBLE) = CAST(1 AS DOUBLE))):boolean>
-- !query output
NULL


-- !query
SELECT cast(1 as float) = '1' FROM t
-- !query schema
struct<(CAST(1 AS FLOAT) = CAST(1 AS FLOAT)):boolean>
-- !query output
true


-- !query
SELECT cast(1 as float) > '2' FROM t
-- !query schema
struct<(CAST(1 AS FLOAT) > CAST(2 AS FLOAT)):boolean>
-- !query output
false


-- !query
SELECT cast(1 as float) >= '2' FROM t
-- !query schema
struct<(CAST(1 AS FLOAT) >= CAST(2 AS FLOAT)):boolean>
-- !query output
false


-- !query
SELECT cast(1 as float) < '2' FROM t
-- !query schema
struct<(CAST(1 AS FLOAT) < CAST(2 AS FLOAT)):boolean>
-- !query output
true


-- !query
SELECT cast(1 as float) <= '2' FROM t
-- !query schema
struct<(CAST(1 AS FLOAT) <= CAST(2 AS FLOAT)):boolean>
-- !query output
true


-- !query
SELECT cast(1 as float) <> '2' FROM t
-- !query schema
struct<(NOT (CAST(1 AS FLOAT) = CAST(2 AS FLOAT))):boolean>
-- !query output
true


-- !query
SELECT cast(1 as float) = cast(null as string) FROM t
-- !query schema
struct<(CAST(1 AS FLOAT) = CAST(CAST(NULL AS STRING) AS FLOAT)):boolean>
-- !query output
NULL


-- !query
SELECT cast(1 as float) > cast(null as string) FROM t
-- !query schema
struct<(CAST(1 AS FLOAT) > CAST(CAST(NULL AS STRING) AS FLOAT)):boolean>
-- !query output
NULL


-- !query
SELECT cast(1 as float) >= cast(null as string) FROM t
-- !query schema
struct<(CAST(1 AS FLOAT) >= CAST(CAST(NULL AS STRING) AS FLOAT)):boolean>
-- !query output
NULL


-- !query
SELECT cast(1 as float) < cast(null as string) FROM t
-- !query schema
struct<(CAST(1 AS FLOAT) < CAST(CAST(NULL AS STRING) AS FLOAT)):boolean>
-- !query output
NULL


-- !query
SELECT cast(1 as float) <= cast(null as string) FROM t
-- !query schema
struct<(CAST(1 AS FLOAT) <= CAST(CAST(NULL AS STRING) AS FLOAT)):boolean>
-- !query output
NULL


-- !query
SELECT cast(1 as float) <> cast(null as string) FROM t
-- !query schema
struct<(NOT (CAST(1 AS FLOAT) = CAST(CAST(NULL AS STRING) AS FLOAT))):boolean>
-- !query output
NULL


-- !query
SELECT '1' = cast(1 as float) FROM t
-- !query schema
struct<(CAST(1 AS FLOAT) = CAST(1 AS FLOAT)):boolean>
-- !query output
true


-- !query
SELECT '2' > cast(1 as float) FROM t
-- !query schema
struct<(CAST(2 AS FLOAT) > CAST(1 AS FLOAT)):boolean>
-- !query output
true


-- !query
SELECT '2' >= cast(1 as float) FROM t
-- !query schema
struct<(CAST(2 AS FLOAT) >= CAST(1 AS FLOAT)):boolean>
-- !query output
true


-- !query
SELECT '2' < cast(1 as float) FROM t
-- !query schema
struct<(CAST(2 AS FLOAT) < CAST(1 AS FLOAT)):boolean>
-- !query output
false


-- !query
SELECT '2' <= cast(1 as float) FROM t
-- !query schema
struct<(CAST(2 AS FLOAT) <= CAST(1 AS FLOAT)):boolean>
-- !query output
false


-- !query
SELECT '2' <> cast(1 as float) FROM t
-- !query schema
struct<(NOT (CAST(2 AS FLOAT) = CAST(1 AS FLOAT))):boolean>
-- !query output
true


-- !query
SELECT cast(null as string) = cast(1 as float) FROM t
-- !query schema
struct<(CAST(CAST(NULL AS STRING) AS FLOAT) = CAST(1 AS FLOAT)):boolean>
-- !query output
NULL


-- !query
SELECT cast(null as string) > cast(1 as float) FROM t
-- !query schema
struct<(CAST(CAST(NULL AS STRING) AS FLOAT) > CAST(1 AS FLOAT)):boolean>
-- !query output
NULL


-- !query
SELECT cast(null as string) >= cast(1 as float) FROM t
-- !query schema
struct<(CAST(CAST(NULL AS STRING) AS FLOAT) >= CAST(1 AS FLOAT)):boolean>
-- !query output
NULL


-- !query
SELECT cast(null as string) < cast(1 as float) FROM t
-- !query schema
struct<(CAST(CAST(NULL AS STRING) AS FLOAT) < CAST(1 AS FLOAT)):boolean>
-- !query output
NULL


-- !query
SELECT cast(null as string) <= cast(1 as float) FROM t
-- !query schema
struct<(CAST(CAST(NULL AS STRING) AS FLOAT) <= CAST(1 AS FLOAT)):boolean>
-- !query output
NULL


-- !query
SELECT cast(null as string) <> cast(1 as float) FROM t
-- !query schema
struct<(NOT (CAST(CAST(NULL AS STRING) AS FLOAT) = CAST(1 AS FLOAT))):boolean>
-- !query output
NULL


-- !query
SELECT '1996-09-09' = date('1996-09-09') FROM t
-- !query schema
struct<(CAST(1996-09-09 AS DATE) = CAST(1996-09-09 AS DATE)):boolean>
-- !query output
true


-- !query
SELECT '1996-9-10' > date('1996-09-09') FROM t
-- !query schema
struct<(CAST(1996-9-10 AS DATE) > CAST(1996-09-09 AS DATE)):boolean>
-- !query output
true


-- !query
SELECT '1996-9-10' >= date('1996-09-09') FROM t
-- !query schema
struct<(CAST(1996-9-10 AS DATE) >= CAST(1996-09-09 AS DATE)):boolean>
-- !query output
true


-- !query
SELECT '1996-9-10' < date('1996-09-09') FROM t
-- !query schema
struct<(CAST(1996-9-10 AS DATE) < CAST(1996-09-09 AS DATE)):boolean>
-- !query output
false


-- !query
SELECT '1996-9-10' <= date('1996-09-09') FROM t
-- !query schema
struct<(CAST(1996-9-10 AS DATE) <= CAST(1996-09-09 AS DATE)):boolean>
-- !query output
false


-- !query
SELECT '1996-9-10' <> date('1996-09-09') FROM t
-- !query schema
struct<(NOT (CAST(1996-9-10 AS DATE) = CAST(1996-09-09 AS DATE))):boolean>
-- !query output
true


-- !query
SELECT cast(null as string) = date('1996-09-09') FROM t
-- !query schema
struct<(CAST(CAST(NULL AS STRING) AS DATE) = CAST(1996-09-09 AS DATE)):boolean>
-- !query output
NULL


-- !query
SELECT cast(null as string)> date('1996-09-09') FROM t
-- !query schema
struct<(CAST(CAST(NULL AS STRING) AS DATE) > CAST(1996-09-09 AS DATE)):boolean>
-- !query output
NULL


-- !query
SELECT cast(null as string)>= date('1996-09-09') FROM t
-- !query schema
struct<(CAST(CAST(NULL AS STRING) AS DATE) >= CAST(1996-09-09 AS DATE)):boolean>
-- !query output
NULL


-- !query
SELECT cast(null as string)< date('1996-09-09') FROM t
-- !query schema
struct<(CAST(CAST(NULL AS STRING) AS DATE) < CAST(1996-09-09 AS DATE)):boolean>
-- !query output
NULL


-- !query
SELECT cast(null as string)<= date('1996-09-09') FROM t
-- !query schema
struct<(CAST(CAST(NULL AS STRING) AS DATE) <= CAST(1996-09-09 AS DATE)):boolean>
-- !query output
NULL


-- !query
SELECT cast(null as string)<> date('1996-09-09') FROM t
-- !query schema
struct<(NOT (CAST(CAST(NULL AS STRING) AS DATE) = CAST(1996-09-09 AS DATE))):boolean>
-- !query output
NULL


-- !query
SELECT date('1996-09-09') = '1996-09-09' FROM t
-- !query schema
struct<(CAST(1996-09-09 AS DATE) = CAST(1996-09-09 AS DATE)):boolean>
-- !query output
true


-- !query
SELECT date('1996-9-10') > '1996-09-09' FROM t
-- !query schema
struct<(CAST(1996-9-10 AS DATE) > CAST(1996-09-09 AS DATE)):boolean>
-- !query output
true


-- !query
SELECT date('1996-9-10') >= '1996-09-09' FROM t
-- !query schema
struct<(CAST(1996-9-10 AS DATE) >= CAST(1996-09-09 AS DATE)):boolean>
-- !query output
true


-- !query
SELECT date('1996-9-10') < '1996-09-09' FROM t
-- !query schema
struct<(CAST(1996-9-10 AS DATE) < CAST(1996-09-09 AS DATE)):boolean>
-- !query output
false


-- !query
SELECT date('1996-9-10') <= '1996-09-09' FROM t
-- !query schema
struct<(CAST(1996-9-10 AS DATE) <= CAST(1996-09-09 AS DATE)):boolean>
-- !query output
false


-- !query
SELECT date('1996-9-10') <> '1996-09-09' FROM t
-- !query schema
struct<(NOT (CAST(1996-9-10 AS DATE) = CAST(1996-09-09 AS DATE))):boolean>
-- !query output
true


-- !query
SELECT date('1996-09-09') = cast(null as string) FROM t
-- !query schema
struct<(CAST(1996-09-09 AS DATE) = CAST(CAST(NULL AS STRING) AS DATE)):boolean>
-- !query output
NULL


-- !query
SELECT date('1996-9-10') > cast(null as string) FROM t
-- !query schema
struct<(CAST(1996-9-10 AS DATE) > CAST(CAST(NULL AS STRING) AS DATE)):boolean>
-- !query output
NULL


-- !query
SELECT date('1996-9-10') >= cast(null as string) FROM t
-- !query schema
struct<(CAST(1996-9-10 AS DATE) >= CAST(CAST(NULL AS STRING) AS DATE)):boolean>
-- !query output
NULL


-- !query
SELECT date('1996-9-10') < cast(null as string) FROM t
-- !query schema
struct<(CAST(1996-9-10 AS DATE) < CAST(CAST(NULL AS STRING) AS DATE)):boolean>
-- !query output
NULL


-- !query
SELECT date('1996-9-10') <= cast(null as string) FROM t
-- !query schema
struct<(CAST(1996-9-10 AS DATE) <= CAST(CAST(NULL AS STRING) AS DATE)):boolean>
-- !query output
NULL


-- !query
SELECT date('1996-9-10') <> cast(null as string) FROM t
-- !query schema
struct<(NOT (CAST(1996-9-10 AS DATE) = CAST(CAST(NULL AS STRING) AS DATE))):boolean>
-- !query output
NULL


-- !query
SELECT '1996-09-09 12:12:12.4' = timestamp('1996-09-09 12:12:12.4') FROM t
-- !query schema
struct<(CAST(1996-09-09 12:12:12.4 AS TIMESTAMP) = CAST(1996-09-09 12:12:12.4 AS TIMESTAMP)):boolean>
-- !query output
true


-- !query
SELECT '1996-09-09 12:12:12.5' > timestamp('1996-09-09 12:12:12.4') FROM t
-- !query schema
struct<(CAST(1996-09-09 12:12:12.5 AS TIMESTAMP) > CAST(1996-09-09 12:12:12.4 AS TIMESTAMP)):boolean>
-- !query output
true


-- !query
SELECT '1996-09-09 12:12:12.5' >= timestamp('1996-09-09 12:12:12.4') FROM t
-- !query schema
struct<(CAST(1996-09-09 12:12:12.5 AS TIMESTAMP) >= CAST(1996-09-09 12:12:12.4 AS TIMESTAMP)):boolean>
-- !query output
true


-- !query
SELECT '1996-09-09 12:12:12.5' < timestamp('1996-09-09 12:12:12.4') FROM t
-- !query schema
struct<(CAST(1996-09-09 12:12:12.5 AS TIMESTAMP) < CAST(1996-09-09 12:12:12.4 AS TIMESTAMP)):boolean>
-- !query output
false


-- !query
SELECT '1996-09-09 12:12:12.5' <= timestamp('1996-09-09 12:12:12.4') FROM t
-- !query schema
struct<(CAST(1996-09-09 12:12:12.5 AS TIMESTAMP) <= CAST(1996-09-09 12:12:12.4 AS TIMESTAMP)):boolean>
-- !query output
false


-- !query
SELECT '1996-09-09 12:12:12.5' <> timestamp('1996-09-09 12:12:12.4') FROM t
-- !query schema
struct<(NOT (CAST(1996-09-09 12:12:12.5 AS TIMESTAMP) = CAST(1996-09-09 12:12:12.4 AS TIMESTAMP))):boolean>
-- !query output
true


-- !query
SELECT cast(null as string) = timestamp('1996-09-09 12:12:12.4') FROM t
-- !query schema
struct<(CAST(CAST(NULL AS STRING) AS TIMESTAMP) = CAST(1996-09-09 12:12:12.4 AS TIMESTAMP)):boolean>
-- !query output
NULL


-- !query
SELECT cast(null as string) > timestamp('1996-09-09 12:12:12.4') FROM t
-- !query schema
struct<(CAST(CAST(NULL AS STRING) AS TIMESTAMP) > CAST(1996-09-09 12:12:12.4 AS TIMESTAMP)):boolean>
-- !query output
NULL


-- !query
SELECT cast(null as string) >= timestamp('1996-09-09 12:12:12.4') FROM t
-- !query schema
struct<(CAST(CAST(NULL AS STRING) AS TIMESTAMP) >= CAST(1996-09-09 12:12:12.4 AS TIMESTAMP)):boolean>
-- !query output
NULL


-- !query
SELECT cast(null as string) < timestamp('1996-09-09 12:12:12.4') FROM t
-- !query schema
struct<(CAST(CAST(NULL AS STRING) AS TIMESTAMP) < CAST(1996-09-09 12:12:12.4 AS TIMESTAMP)):boolean>
-- !query output
NULL


-- !query
SELECT cast(null as string) <= timestamp('1996-09-09 12:12:12.4') FROM t
-- !query schema
struct<(CAST(CAST(NULL AS STRING) AS TIMESTAMP) <= CAST(1996-09-09 12:12:12.4 AS TIMESTAMP)):boolean>
-- !query output
NULL


-- !query
SELECT cast(null as string) <> timestamp('1996-09-09 12:12:12.4') FROM t
-- !query schema
struct<(NOT (CAST(CAST(NULL AS STRING) AS TIMESTAMP) = CAST(1996-09-09 12:12:12.4 AS TIMESTAMP))):boolean>
-- !query output
NULL


-- !query
SELECT timestamp('1996-09-09 12:12:12.4' )= '1996-09-09 12:12:12.4' FROM t
-- !query schema
struct<(CAST(1996-09-09 12:12:12.4 AS TIMESTAMP) = CAST(1996-09-09 12:12:12.4 AS TIMESTAMP)):boolean>
-- !query output
true


-- !query
SELECT timestamp('1996-09-09 12:12:12.5' )> '1996-09-09 12:12:12.4' FROM t
-- !query schema
struct<(CAST(1996-09-09 12:12:12.5 AS TIMESTAMP) > CAST(1996-09-09 12:12:12.4 AS TIMESTAMP)):boolean>
-- !query output
true


-- !query
SELECT timestamp('1996-09-09 12:12:12.5' )>= '1996-09-09 12:12:12.4' FROM t
-- !query schema
struct<(CAST(1996-09-09 12:12:12.5 AS TIMESTAMP) >= CAST(1996-09-09 12:12:12.4 AS TIMESTAMP)):boolean>
-- !query output
true


-- !query
SELECT timestamp('1996-09-09 12:12:12.5' )< '1996-09-09 12:12:12.4' FROM t
-- !query schema
struct<(CAST(1996-09-09 12:12:12.5 AS TIMESTAMP) < CAST(1996-09-09 12:12:12.4 AS TIMESTAMP)):boolean>
-- !query output
false


-- !query
SELECT timestamp('1996-09-09 12:12:12.5' )<= '1996-09-09 12:12:12.4' FROM t
-- !query schema
struct<(CAST(1996-09-09 12:12:12.5 AS TIMESTAMP) <= CAST(1996-09-09 12:12:12.4 AS TIMESTAMP)):boolean>
-- !query output
false


-- !query
SELECT timestamp('1996-09-09 12:12:12.5' )<> '1996-09-09 12:12:12.4' FROM t
-- !query schema
struct<(NOT (CAST(1996-09-09 12:12:12.5 AS TIMESTAMP) = CAST(1996-09-09 12:12:12.4 AS TIMESTAMP))):boolean>
-- !query output
true


-- !query
SELECT timestamp('1996-09-09 12:12:12.4' )= cast(null as string) FROM t
-- !query schema
struct<(CAST(1996-09-09 12:12:12.4 AS TIMESTAMP) = CAST(CAST(NULL AS STRING) AS TIMESTAMP)):boolean>
-- !query output
NULL


-- !query
SELECT timestamp('1996-09-09 12:12:12.5' )> cast(null as string) FROM t
-- !query schema
struct<(CAST(1996-09-09 12:12:12.5 AS TIMESTAMP) > CAST(CAST(NULL AS STRING) AS TIMESTAMP)):boolean>
-- !query output
NULL


-- !query
SELECT timestamp('1996-09-09 12:12:12.5' )>= cast(null as string) FROM t
-- !query schema
struct<(CAST(1996-09-09 12:12:12.5 AS TIMESTAMP) >= CAST(CAST(NULL AS STRING) AS TIMESTAMP)):boolean>
-- !query output
NULL


-- !query
SELECT timestamp('1996-09-09 12:12:12.5' )< cast(null as string) FROM t
-- !query schema
struct<(CAST(1996-09-09 12:12:12.5 AS TIMESTAMP) < CAST(CAST(NULL AS STRING) AS TIMESTAMP)):boolean>
-- !query output
NULL


-- !query
SELECT timestamp('1996-09-09 12:12:12.5' )<= cast(null as string) FROM t
-- !query schema
struct<(CAST(1996-09-09 12:12:12.5 AS TIMESTAMP) <= CAST(CAST(NULL AS STRING) AS TIMESTAMP)):boolean>
-- !query output
NULL


-- !query
SELECT timestamp('1996-09-09 12:12:12.5' )<> cast(null as string) FROM t
-- !query schema
struct<(NOT (CAST(1996-09-09 12:12:12.5 AS TIMESTAMP) = CAST(CAST(NULL AS STRING) AS TIMESTAMP))):boolean>
-- !query output
NULL


-- !query
SELECT ' ' = X'0020' FROM t
-- !query schema
struct<(CAST(  AS BINARY) = X'0020'):boolean>
-- !query output
false


-- !query
SELECT ' ' > X'001F' FROM t
-- !query schema
struct<(CAST(  AS BINARY) > X'001F'):boolean>
-- !query output
true


-- !query
SELECT ' ' >= X'001F' FROM t
-- !query schema
struct<(CAST(  AS BINARY) >= X'001F'):boolean>
-- !query output
true


-- !query
SELECT ' ' < X'001F' FROM t
-- !query schema
struct<(CAST(  AS BINARY) < X'001F'):boolean>
-- !query output
false


-- !query
SELECT ' ' <= X'001F' FROM t
-- !query schema
struct<(CAST(  AS BINARY) <= X'001F'):boolean>
-- !query output
false


-- !query
SELECT ' ' <> X'001F' FROM t
-- !query schema
struct<(NOT (CAST(  AS BINARY) = X'001F')):boolean>
-- !query output
true


-- !query
SELECT cast(null as string) = X'0020' FROM t
-- !query schema
struct<(CAST(CAST(NULL AS STRING) AS BINARY) = X'0020'):boolean>
-- !query output
NULL


-- !query
SELECT cast(null as string) > X'001F' FROM t
-- !query schema
struct<(CAST(CAST(NULL AS STRING) AS BINARY) > X'001F'):boolean>
-- !query output
NULL


-- !query
SELECT cast(null as string) >= X'001F' FROM t
-- !query schema
struct<(CAST(CAST(NULL AS STRING) AS BINARY) >= X'001F'):boolean>
-- !query output
NULL


-- !query
SELECT cast(null as string) < X'001F' FROM t
-- !query schema
struct<(CAST(CAST(NULL AS STRING) AS BINARY) < X'001F'):boolean>
-- !query output
NULL


-- !query
SELECT cast(null as string) <= X'001F' FROM t
-- !query schema
struct<(CAST(CAST(NULL AS STRING) AS BINARY) <= X'001F'):boolean>
-- !query output
NULL


-- !query
SELECT cast(null as string) <> X'001F' FROM t
-- !query schema
struct<(NOT (CAST(CAST(NULL AS STRING) AS BINARY) = X'001F')):boolean>
-- !query output
NULL


-- !query
SELECT X'0020' = ' ' FROM t
-- !query schema
struct<(X'0020' = CAST(  AS BINARY)):boolean>
-- !query output
false


-- !query
SELECT X'001F' > ' ' FROM t
-- !query schema
struct<(X'001F' > CAST(  AS BINARY)):boolean>
-- !query output
false


-- !query
SELECT X'001F' >= ' ' FROM t
-- !query schema
struct<(X'001F' >= CAST(  AS BINARY)):boolean>
-- !query output
false


-- !query
SELECT X'001F' < ' ' FROM t
-- !query schema
struct<(X'001F' < CAST(  AS BINARY)):boolean>
-- !query output
true


-- !query
SELECT X'001F' <= ' ' FROM t
-- !query schema
struct<(X'001F' <= CAST(  AS BINARY)):boolean>
-- !query output
true


-- !query
SELECT X'001F' <> ' ' FROM t
-- !query schema
struct<(NOT (X'001F' = CAST(  AS BINARY))):boolean>
-- !query output
true


-- !query
SELECT X'0020' = cast(null as string) FROM t
-- !query schema
struct<(X'0020' = CAST(CAST(NULL AS STRING) AS BINARY)):boolean>
-- !query output
NULL


-- !query
SELECT X'001F' > cast(null as string) FROM t
-- !query schema
struct<(X'001F' > CAST(CAST(NULL AS STRING) AS BINARY)):boolean>
-- !query output
NULL


-- !query
SELECT X'001F' >= cast(null as string) FROM t
-- !query schema
struct<(X'001F' >= CAST(CAST(NULL AS STRING) AS BINARY)):boolean>
-- !query output
NULL


-- !query
SELECT X'001F' < cast(null as string) FROM t
-- !query schema
struct<(X'001F' < CAST(CAST(NULL AS STRING) AS BINARY)):boolean>
-- !query output
NULL


-- !query
SELECT X'001F' <= cast(null as string) FROM t
-- !query schema
struct<(X'001F' <= CAST(CAST(NULL AS STRING) AS BINARY)):boolean>
-- !query output
NULL


-- !query
SELECT X'001F' <> cast(null as string) FROM t
-- !query schema
struct<(NOT (X'001F' = CAST(CAST(NULL AS STRING) AS BINARY))):boolean>
-- !query output
NULL
