-- Automatically generated by SQLQueryTestSuite
-- Number of queries: 44


-- !query
CREATE TEMPORARY VIEW t AS SELECT 1
-- !query schema
struct<>
-- !query output



-- !query
SELECT 1 + '2' FROM t
-- !query schema
struct<(CAST(1 AS DOUBLE) + CAST(2 AS DOUBLE)):double>
-- !query output
3.0


-- !query
SELECT 1 - '2' FROM t
-- !query schema
struct<(CAST(1 AS DOUBLE) - CAST(2 AS DOUBLE)):double>
-- !query output
-1.0


-- !query
SELECT 1 * '2' FROM t
-- !query schema
struct<(CAST(1 AS DOUBLE) * CAST(2 AS DOUBLE)):double>
-- !query output
2.0


-- !query
SELECT 4 / '2' FROM t
-- !query schema
struct<(CAST(4 AS DOUBLE) / CAST(CAST(2 AS DOUBLE) AS DOUBLE)):double>
-- !query output
2.0


-- !query
SELECT 1.1 + '2' FROM t
-- !query schema
struct<(CAST(1.1 AS DOUBLE) + CAST(2 AS DOUBLE)):double>
-- !query output
3.1


-- !query
SELECT 1.1 - '2' FROM t
-- !query schema
struct<(CAST(1.1 AS DOUBLE) - CAST(2 AS DOUBLE)):double>
-- !query output
-0.8999999999999999


-- !query
SELECT 1.1 * '2' FROM t
-- !query schema
struct<(CAST(1.1 AS DOUBLE) * CAST(2 AS DOUBLE)):double>
-- !query output
2.2


-- !query
SELECT 4.4 / '2' FROM t
-- !query schema
struct<(CAST(4.4 AS DOUBLE) / CAST(2 AS DOUBLE)):double>
-- !query output
2.2


-- !query
SELECT 1.1 + '2.2' FROM t
-- !query schema
struct<(CAST(1.1 AS DOUBLE) + CAST(2.2 AS DOUBLE)):double>
-- !query output
3.3000000000000003


-- !query
SELECT 1.1 - '2.2' FROM t
-- !query schema
struct<(CAST(1.1 AS DOUBLE) - CAST(2.2 AS DOUBLE)):double>
-- !query output
-1.1


-- !query
SELECT 1.1 * '2.2' FROM t
-- !query schema
struct<(CAST(1.1 AS DOUBLE) * CAST(2.2 AS DOUBLE)):double>
-- !query output
2.4200000000000004


-- !query
SELECT 4.4 / '2.2' FROM t
-- !query schema
struct<(CAST(4.4 AS DOUBLE) / CAST(2.2 AS DOUBLE)):double>
-- !query output
2.0


-- !query
SELECT '$' || cast(1 as smallint) || '$' FROM t
-- !query schema
struct<concat(concat($, CAST(CAST(1 AS SMALLINT) AS STRING)), $):string>
-- !query output
$1$


-- !query
SELECT '$' || 1 || '$' FROM t
-- !query schema
struct<concat(concat($, CAST(1 AS STRING)), $):string>
-- !query output
$1$


-- !query
SELECT '$' || cast(1 as bigint) || '$' FROM t
-- !query schema
struct<concat(concat($, CAST(CAST(1 AS BIGINT) AS STRING)), $):string>
-- !query output
$1$


-- !query
SELECT '$' || cast(1.1 as float) || '$' FROM t
-- !query schema
struct<concat(concat($, CAST(CAST(1.1 AS FLOAT) AS STRING)), $):string>
-- !query output
$1.1$


-- !query
SELECT '$' || cast(1.1 as double) || '$' FROM t
-- !query schema
struct<concat(concat($, CAST(CAST(1.1 AS DOUBLE) AS STRING)), $):string>
-- !query output
$1.1$


-- !query
SELECT '$' || 1.1 || '$' FROM t
-- !query schema
struct<concat(concat($, CAST(1.1 AS STRING)), $):string>
-- !query output
$1.1$


-- !query
SELECT '$' || cast(1.1 as decimal(8,3)) || '$' FROM t
-- !query schema
struct<concat(concat($, CAST(CAST(1.1 AS DECIMAL(8,3)) AS STRING)), $):string>
-- !query output
$1.100$


-- !query
SELECT '$' || 'abcd' || '$' FROM t
-- !query schema
struct<concat(concat($, abcd), $):string>
-- !query output
$abcd$


-- !query
SELECT '$' || date('1996-09-09') || '$' FROM t
-- !query schema
struct<concat(concat($, CAST(CAST(1996-09-09 AS DATE) AS STRING)), $):string>
-- !query output
$1996-09-09$


-- !query
SELECT '$' || timestamp('1996-09-09 10:11:12.4' )|| '$' FROM t
-- !query schema
struct<concat(concat($, CAST(CAST(1996-09-09 10:11:12.4 AS TIMESTAMP) AS STRING)), $):string>
-- !query output
$1996-09-09 10:11:12.4$


-- !query
SELECT length(cast(1 as smallint)) FROM t
-- !query schema
struct<length(CAST(CAST(1 AS SMALLINT) AS STRING)):int>
-- !query output
1


-- !query
SELECT length(cast(1 as int)) FROM t
-- !query schema
struct<length(CAST(CAST(1 AS INT) AS STRING)):int>
-- !query output
1


-- !query
SELECT length(cast(1 as bigint)) FROM t
-- !query schema
struct<length(CAST(CAST(1 AS BIGINT) AS STRING)):int>
-- !query output
1


-- !query
SELECT length(cast(1.1 as float)) FROM t
-- !query schema
struct<length(CAST(CAST(1.1 AS FLOAT) AS STRING)):int>
-- !query output
3


-- !query
SELECT length(cast(1.1 as double)) FROM t
-- !query schema
struct<length(CAST(CAST(1.1 AS DOUBLE) AS STRING)):int>
-- !query output
3


-- !query
SELECT length(1.1) FROM t
-- !query schema
struct<length(CAST(1.1 AS STRING)):int>
-- !query output
3


-- !query
SELECT length(cast(1.1 as decimal(8,3))) FROM t
-- !query schema
struct<length(CAST(CAST(1.1 AS DECIMAL(8,3)) AS STRING)):int>
-- !query output
5


-- !query
SELECT length('four') FROM t
-- !query schema
struct<length(four):int>
-- !query output
4


-- !query
SELECT length(date('1996-09-10')) FROM t
-- !query schema
struct<length(CAST(CAST(1996-09-10 AS DATE) AS STRING)):int>
-- !query output
10


-- !query
SELECT length(timestamp('1996-09-10 10:11:12.4')) FROM t
-- !query schema
struct<length(CAST(CAST(1996-09-10 10:11:12.4 AS TIMESTAMP) AS STRING)):int>
-- !query output
21


-- !query
SELECT year( '1996-01-10') FROM t
-- !query schema
struct<year(CAST(1996-01-10 AS DATE)):int>
-- !query output
1996


-- !query
SELECT month( '1996-01-10') FROM t
-- !query schema
struct<month(CAST(1996-01-10 AS DATE)):int>
-- !query output
1


-- !query
SELECT day( '1996-01-10') FROM t
-- !query schema
struct<day(CAST(1996-01-10 AS DATE)):int>
-- !query output
10


-- !query
SELECT hour( '10:11:12') FROM t
-- !query schema
struct<hour(CAST(10:11:12 AS TIMESTAMP)):int>
-- !query output
10


-- !query
SELECT minute( '10:11:12') FROM t
-- !query schema
struct<minute(CAST(10:11:12 AS TIMESTAMP)):int>
-- !query output
11


-- !query
SELECT second( '10:11:12') FROM t
-- !query schema
struct<second(CAST(10:11:12 AS TIMESTAMP)):int>
-- !query output
12


-- !query
select 1 like '%' FROM t
-- !query schema
struct<CAST(1 AS STRING) LIKE %:boolean>
-- !query output
true


-- !query
select date('1996-09-10') like '19%' FROM t
-- !query schema
struct<CAST(CAST(1996-09-10 AS DATE) AS STRING) LIKE 19%:boolean>
-- !query output
true


-- !query
select '1' like 1 FROM t
-- !query schema
struct<1 LIKE CAST(1 AS STRING):boolean>
-- !query output
true


-- !query
select '1 ' like 1 FROM t
-- !query schema
struct<1  LIKE CAST(1 AS STRING):boolean>
-- !query output
false


-- !query
select '1996-09-10' like date('1996-09-10') FROM t
-- !query schema
struct<1996-09-10 LIKE CAST(CAST(1996-09-10 AS DATE) AS STRING):boolean>
-- !query output
true
