-- Automatically generated by SQLQueryTestSuite
-- Number of queries: 145


-- !query
CREATE TEMPORARY VIEW t AS SELECT 1
-- !query schema
struct<>
-- !query output



-- !query
SELECT cast(1 as tinyint) FROM t UNION SELECT cast(2 as tinyint) FROM t
-- !query schema
struct<CAST(1 AS TINYINT):tinyint>
-- !query output
1
2


-- !query
SELECT cast(1 as tinyint) FROM t UNION SELECT cast(2 as smallint) FROM t
-- !query schema
struct<CAST(1 AS TINYINT):smallint>
-- !query output
1
2


-- !query
SELECT cast(1 as tinyint) FROM t UNION SELECT cast(2 as int) FROM t
-- !query schema
struct<CAST(1 AS TINYINT):int>
-- !query output
1
2


-- !query
SELECT cast(1 as tinyint) FROM t UNION SELECT cast(2 as bigint) FROM t
-- !query schema
struct<CAST(1 AS TINYINT):bigint>
-- !query output
1
2


-- !query
SELECT cast(1 as tinyint) FROM t UNION SELECT cast(2 as float) FROM t
-- !query schema
struct<CAST(1 AS TINYINT):float>
-- !query output
1.0
2.0


-- !query
SELECT cast(1 as tinyint) FROM t UNION SELECT cast(2 as double) FROM t
-- !query schema
struct<CAST(1 AS TINYINT):double>
-- !query output
1.0
2.0


-- !query
SELECT cast(1 as tinyint) FROM t UNION SELECT cast(2 as decimal(10, 0)) FROM t
-- !query schema
struct<CAST(1 AS TINYINT):decimal(10,0)>
-- !query output
1
2


-- !query
SELECT cast(1 as tinyint) FROM t UNION SELECT cast(2 as string) FROM t
-- !query schema
struct<CAST(1 AS TINYINT):string>
-- !query output
1
2


-- !query
SELECT cast(1 as tinyint) FROM t UNION SELECT cast('2' as binary) FROM t
-- !query schema
struct<>
-- !query output
org.apache.spark.sql.AnalysisException
Union can only be performed on tables with the compatible column types. binary <> tinyint at the first column of the second table


-- !query
SELECT cast(1 as tinyint) FROM t UNION SELECT cast(2 as boolean) FROM t
-- !query schema
struct<>
-- !query output
org.apache.spark.sql.AnalysisException
Union can only be performed on tables with the compatible column types. boolean <> tinyint at the first column of the second table


-- !query
SELECT cast(1 as tinyint) FROM t UNION SELECT cast('2017-12-11 09:30:00.0' as timestamp) FROM t
-- !query schema
struct<>
-- !query output
org.apache.spark.sql.AnalysisException
Union can only be performed on tables with the compatible column types. timestamp <> tinyint at the first column of the second table


-- !query
SELECT cast(1 as tinyint) FROM t UNION SELECT cast('2017-12-11 09:30:00' as date) FROM t
-- !query schema
struct<>
-- !query output
org.apache.spark.sql.AnalysisException
Union can only be performed on tables with the compatible column types. date <> tinyint at the first column of the second table


-- !query
SELECT cast(1 as smallint) FROM t UNION SELECT cast(2 as tinyint) FROM t
-- !query schema
struct<CAST(1 AS SMALLINT):smallint>
-- !query output
1
2


-- !query
SELECT cast(1 as smallint) FROM t UNION SELECT cast(2 as smallint) FROM t
-- !query schema
struct<CAST(1 AS SMALLINT):smallint>
-- !query output
1
2


-- !query
SELECT cast(1 as smallint) FROM t UNION SELECT cast(2 as int) FROM t
-- !query schema
struct<CAST(1 AS SMALLINT):int>
-- !query output
1
2


-- !query
SELECT cast(1 as smallint) FROM t UNION SELECT cast(2 as bigint) FROM t
-- !query schema
struct<CAST(1 AS SMALLINT):bigint>
-- !query output
1
2


-- !query
SELECT cast(1 as smallint) FROM t UNION SELECT cast(2 as float) FROM t
-- !query schema
struct<CAST(1 AS SMALLINT):float>
-- !query output
1.0
2.0


-- !query
SELECT cast(1 as smallint) FROM t UNION SELECT cast(2 as double) FROM t
-- !query schema
struct<CAST(1 AS SMALLINT):double>
-- !query output
1.0
2.0


-- !query
SELECT cast(1 as smallint) FROM t UNION SELECT cast(2 as decimal(10, 0)) FROM t
-- !query schema
struct<CAST(1 AS SMALLINT):decimal(10,0)>
-- !query output
1
2


-- !query
SELECT cast(1 as smallint) FROM t UNION SELECT cast(2 as string) FROM t
-- !query schema
struct<CAST(1 AS SMALLINT):string>
-- !query output
1
2


-- !query
SELECT cast(1 as smallint) FROM t UNION SELECT cast('2' as binary) FROM t
-- !query schema
struct<>
-- !query output
org.apache.spark.sql.AnalysisException
Union can only be performed on tables with the compatible column types. binary <> smallint at the first column of the second table


-- !query
SELECT cast(1 as smallint) FROM t UNION SELECT cast(2 as boolean) FROM t
-- !query schema
struct<>
-- !query output
org.apache.spark.sql.AnalysisException
Union can only be performed on tables with the compatible column types. boolean <> smallint at the first column of the second table


-- !query
SELECT cast(1 as smallint) FROM t UNION SELECT cast('2017-12-11 09:30:00.0' as timestamp) FROM t
-- !query schema
struct<>
-- !query output
org.apache.spark.sql.AnalysisException
Union can only be performed on tables with the compatible column types. timestamp <> smallint at the first column of the second table


-- !query
SELECT cast(1 as smallint) FROM t UNION SELECT cast('2017-12-11 09:30:00' as date) FROM t
-- !query schema
struct<>
-- !query output
org.apache.spark.sql.AnalysisException
Union can only be performed on tables with the compatible column types. date <> smallint at the first column of the second table


-- !query
SELECT cast(1 as int) FROM t UNION SELECT cast(2 as tinyint) FROM t
-- !query schema
struct<CAST(1 AS INT):int>
-- !query output
1
2


-- !query
SELECT cast(1 as int) FROM t UNION SELECT cast(2 as smallint) FROM t
-- !query schema
struct<CAST(1 AS INT):int>
-- !query output
1
2


-- !query
SELECT cast(1 as int) FROM t UNION SELECT cast(2 as int) FROM t
-- !query schema
struct<CAST(1 AS INT):int>
-- !query output
1
2


-- !query
SELECT cast(1 as int) FROM t UNION SELECT cast(2 as bigint) FROM t
-- !query schema
struct<CAST(1 AS INT):bigint>
-- !query output
1
2


-- !query
SELECT cast(1 as int) FROM t UNION SELECT cast(2 as float) FROM t
-- !query schema
struct<CAST(1 AS INT):float>
-- !query output
1.0
2.0


-- !query
SELECT cast(1 as int) FROM t UNION SELECT cast(2 as double) FROM t
-- !query schema
struct<CAST(1 AS INT):double>
-- !query output
1.0
2.0


-- !query
SELECT cast(1 as int) FROM t UNION SELECT cast(2 as decimal(10, 0)) FROM t
-- !query schema
struct<CAST(1 AS INT):decimal(10,0)>
-- !query output
1
2


-- !query
SELECT cast(1 as int) FROM t UNION SELECT cast(2 as string) FROM t
-- !query schema
struct<CAST(1 AS INT):string>
-- !query output
1
2


-- !query
SELECT cast(1 as int) FROM t UNION SELECT cast('2' as binary) FROM t
-- !query schema
struct<>
-- !query output
org.apache.spark.sql.AnalysisException
Union can only be performed on tables with the compatible column types. binary <> int at the first column of the second table


-- !query
SELECT cast(1 as int) FROM t UNION SELECT cast(2 as boolean) FROM t
-- !query schema
struct<>
-- !query output
org.apache.spark.sql.AnalysisException
Union can only be performed on tables with the compatible column types. boolean <> int at the first column of the second table


-- !query
SELECT cast(1 as int) FROM t UNION SELECT cast('2017-12-11 09:30:00.0' as timestamp) FROM t
-- !query schema
struct<>
-- !query output
org.apache.spark.sql.AnalysisException
Union can only be performed on tables with the compatible column types. timestamp <> int at the first column of the second table


-- !query
SELECT cast(1 as int) FROM t UNION SELECT cast('2017-12-11 09:30:00' as date) FROM t
-- !query schema
struct<>
-- !query output
org.apache.spark.sql.AnalysisException
Union can only be performed on tables with the compatible column types. date <> int at the first column of the second table


-- !query
SELECT cast(1 as bigint) FROM t UNION SELECT cast(2 as tinyint) FROM t
-- !query schema
struct<CAST(1 AS BIGINT):bigint>
-- !query output
1
2


-- !query
SELECT cast(1 as bigint) FROM t UNION SELECT cast(2 as smallint) FROM t
-- !query schema
struct<CAST(1 AS BIGINT):bigint>
-- !query output
1
2


-- !query
SELECT cast(1 as bigint) FROM t UNION SELECT cast(2 as int) FROM t
-- !query schema
struct<CAST(1 AS BIGINT):bigint>
-- !query output
1
2


-- !query
SELECT cast(1 as bigint) FROM t UNION SELECT cast(2 as bigint) FROM t
-- !query schema
struct<CAST(1 AS BIGINT):bigint>
-- !query output
1
2


-- !query
SELECT cast(1 as bigint) FROM t UNION SELECT cast(2 as float) FROM t
-- !query schema
struct<CAST(1 AS BIGINT):float>
-- !query output
1.0
2.0


-- !query
SELECT cast(1 as bigint) FROM t UNION SELECT cast(2 as double) FROM t
-- !query schema
struct<CAST(1 AS BIGINT):double>
-- !query output
1.0
2.0


-- !query
SELECT cast(1 as bigint) FROM t UNION SELECT cast(2 as decimal(10, 0)) FROM t
-- !query schema
struct<CAST(1 AS BIGINT):decimal(20,0)>
-- !query output
1
2


-- !query
SELECT cast(1 as bigint) FROM t UNION SELECT cast(2 as string) FROM t
-- !query schema
struct<CAST(1 AS BIGINT):string>
-- !query output
1
2


-- !query
SELECT cast(1 as bigint) FROM t UNION SELECT cast('2' as binary) FROM t
-- !query schema
struct<>
-- !query output
org.apache.spark.sql.AnalysisException
Union can only be performed on tables with the compatible column types. binary <> bigint at the first column of the second table


-- !query
SELECT cast(1 as bigint) FROM t UNION SELECT cast(2 as boolean) FROM t
-- !query schema
struct<>
-- !query output
org.apache.spark.sql.AnalysisException
Union can only be performed on tables with the compatible column types. boolean <> bigint at the first column of the second table


-- !query
SELECT cast(1 as bigint) FROM t UNION SELECT cast('2017-12-11 09:30:00.0' as timestamp) FROM t
-- !query schema
struct<>
-- !query output
org.apache.spark.sql.AnalysisException
Union can only be performed on tables with the compatible column types. timestamp <> bigint at the first column of the second table


-- !query
SELECT cast(1 as bigint) FROM t UNION SELECT cast('2017-12-11 09:30:00' as date) FROM t
-- !query schema
struct<>
-- !query output
org.apache.spark.sql.AnalysisException
Union can only be performed on tables with the compatible column types. date <> bigint at the first column of the second table


-- !query
SELECT cast(1 as float) FROM t UNION SELECT cast(2 as tinyint) FROM t
-- !query schema
struct<CAST(1 AS FLOAT):float>
-- !query output
1.0
2.0


-- !query
SELECT cast(1 as float) FROM t UNION SELECT cast(2 as smallint) FROM t
-- !query schema
struct<CAST(1 AS FLOAT):float>
-- !query output
1.0
2.0


-- !query
SELECT cast(1 as float) FROM t UNION SELECT cast(2 as int) FROM t
-- !query schema
struct<CAST(1 AS FLOAT):float>
-- !query output
1.0
2.0


-- !query
SELECT cast(1 as float) FROM t UNION SELECT cast(2 as bigint) FROM t
-- !query schema
struct<CAST(1 AS FLOAT):float>
-- !query output
1.0
2.0


-- !query
SELECT cast(1 as float) FROM t UNION SELECT cast(2 as float) FROM t
-- !query schema
struct<CAST(1 AS FLOAT):float>
-- !query output
1.0
2.0


-- !query
SELECT cast(1 as float) FROM t UNION SELECT cast(2 as double) FROM t
-- !query schema
struct<CAST(1 AS FLOAT):double>
-- !query output
1.0
2.0


-- !query
SELECT cast(1 as float) FROM t UNION SELECT cast(2 as decimal(10, 0)) FROM t
-- !query schema
struct<CAST(1 AS FLOAT):double>
-- !query output
1.0
2.0


-- !query
SELECT cast(1 as float) FROM t UNION SELECT cast(2 as string) FROM t
-- !query schema
struct<CAST(1 AS FLOAT):string>
-- !query output
1.0
2


-- !query
SELECT cast(1 as float) FROM t UNION SELECT cast('2' as binary) FROM t
-- !query schema
struct<>
-- !query output
org.apache.spark.sql.AnalysisException
Union can only be performed on tables with the compatible column types. binary <> float at the first column of the second table


-- !query
SELECT cast(1 as float) FROM t UNION SELECT cast(2 as boolean) FROM t
-- !query schema
struct<>
-- !query output
org.apache.spark.sql.AnalysisException
Union can only be performed on tables with the compatible column types. boolean <> float at the first column of the second table


-- !query
SELECT cast(1 as float) FROM t UNION SELECT cast('2017-12-11 09:30:00.0' as timestamp) FROM t
-- !query schema
struct<>
-- !query output
org.apache.spark.sql.AnalysisException
Union can only be performed on tables with the compatible column types. timestamp <> float at the first column of the second table


-- !query
SELECT cast(1 as float) FROM t UNION SELECT cast('2017-12-11 09:30:00' as date) FROM t
-- !query schema
struct<>
-- !query output
org.apache.spark.sql.AnalysisException
Union can only be performed on tables with the compatible column types. date <> float at the first column of the second table


-- !query
SELECT cast(1 as double) FROM t UNION SELECT cast(2 as tinyint) FROM t
-- !query schema
struct<CAST(1 AS DOUBLE):double>
-- !query output
1.0
2.0


-- !query
SELECT cast(1 as double) FROM t UNION SELECT cast(2 as smallint) FROM t
-- !query schema
struct<CAST(1 AS DOUBLE):double>
-- !query output
1.0
2.0


-- !query
SELECT cast(1 as double) FROM t UNION SELECT cast(2 as int) FROM t
-- !query schema
struct<CAST(1 AS DOUBLE):double>
-- !query output
1.0
2.0


-- !query
SELECT cast(1 as double) FROM t UNION SELECT cast(2 as bigint) FROM t
-- !query schema
struct<CAST(1 AS DOUBLE):double>
-- !query output
1.0
2.0


-- !query
SELECT cast(1 as double) FROM t UNION SELECT cast(2 as float) FROM t
-- !query schema
struct<CAST(1 AS DOUBLE):double>
-- !query output
1.0
2.0


-- !query
SELECT cast(1 as double) FROM t UNION SELECT cast(2 as double) FROM t
-- !query schema
struct<CAST(1 AS DOUBLE):double>
-- !query output
1.0
2.0


-- !query
SELECT cast(1 as double) FROM t UNION SELECT cast(2 as decimal(10, 0)) FROM t
-- !query schema
struct<CAST(1 AS DOUBLE):double>
-- !query output
1.0
2.0


-- !query
SELECT cast(1 as double) FROM t UNION SELECT cast(2 as string) FROM t
-- !query schema
struct<CAST(1 AS DOUBLE):string>
-- !query output
1.0
2


-- !query
SELECT cast(1 as double) FROM t UNION SELECT cast('2' as binary) FROM t
-- !query schema
struct<>
-- !query output
org.apache.spark.sql.AnalysisException
Union can only be performed on tables with the compatible column types. binary <> double at the first column of the second table


-- !query
SELECT cast(1 as double) FROM t UNION SELECT cast(2 as boolean) FROM t
-- !query schema
struct<>
-- !query output
org.apache.spark.sql.AnalysisException
Union can only be performed on tables with the compatible column types. boolean <> double at the first column of the second table


-- !query
SELECT cast(1 as double) FROM t UNION SELECT cast('2017-12-11 09:30:00.0' as timestamp) FROM t
-- !query schema
struct<>
-- !query output
org.apache.spark.sql.AnalysisException
Union can only be performed on tables with the compatible column types. timestamp <> double at the first column of the second table


-- !query
SELECT cast(1 as double) FROM t UNION SELECT cast('2017-12-11 09:30:00' as date) FROM t
-- !query schema
struct<>
-- !query output
org.apache.spark.sql.AnalysisException
Union can only be performed on tables with the compatible column types. date <> double at the first column of the second table


-- !query
SELECT cast(1 as decimal(10, 0)) FROM t UNION SELECT cast(2 as tinyint) FROM t
-- !query schema
struct<CAST(1 AS DECIMAL(10,0)):decimal(10,0)>
-- !query output
1
2


-- !query
SELECT cast(1 as decimal(10, 0)) FROM t UNION SELECT cast(2 as smallint) FROM t
-- !query schema
struct<CAST(1 AS DECIMAL(10,0)):decimal(10,0)>
-- !query output
1
2


-- !query
SELECT cast(1 as decimal(10, 0)) FROM t UNION SELECT cast(2 as int) FROM t
-- !query schema
struct<CAST(1 AS DECIMAL(10,0)):decimal(10,0)>
-- !query output
1
2


-- !query
SELECT cast(1 as decimal(10, 0)) FROM t UNION SELECT cast(2 as bigint) FROM t
-- !query schema
struct<CAST(1 AS DECIMAL(10,0)):decimal(20,0)>
-- !query output
1
2


-- !query
SELECT cast(1 as decimal(10, 0)) FROM t UNION SELECT cast(2 as float) FROM t
-- !query schema
struct<CAST(1 AS DECIMAL(10,0)):double>
-- !query output
1.0
2.0


-- !query
SELECT cast(1 as decimal(10, 0)) FROM t UNION SELECT cast(2 as double) FROM t
-- !query schema
struct<CAST(1 AS DECIMAL(10,0)):double>
-- !query output
1.0
2.0


-- !query
SELECT cast(1 as decimal(10, 0)) FROM t UNION SELECT cast(2 as decimal(10, 0)) FROM t
-- !query schema
struct<CAST(1 AS DECIMAL(10,0)):decimal(10,0)>
-- !query output
1
2


-- !query
SELECT cast(1 as decimal(10, 0)) FROM t UNION SELECT cast(2 as string) FROM t
-- !query schema
struct<CAST(1 AS DECIMAL(10,0)):string>
-- !query output
1
2


-- !query
SELECT cast(1 as decimal(10, 0)) FROM t UNION SELECT cast('2' as binary) FROM t
-- !query schema
struct<>
-- !query output
org.apache.spark.sql.AnalysisException
Union can only be performed on tables with the compatible column types. binary <> decimal(10,0) at the first column of the second table


-- !query
SELECT cast(1 as decimal(10, 0)) FROM t UNION SELECT cast(2 as boolean) FROM t
-- !query schema
struct<>
-- !query output
org.apache.spark.sql.AnalysisException
Union can only be performed on tables with the compatible column types. boolean <> decimal(10,0) at the first column of the second table


-- !query
SELECT cast(1 as decimal(10, 0)) FROM t UNION SELECT cast('2017-12-11 09:30:00.0' as timestamp) FROM t
-- !query schema
struct<>
-- !query output
org.apache.spark.sql.AnalysisException
Union can only be performed on tables with the compatible column types. timestamp <> decimal(10,0) at the first column of the second table


-- !query
SELECT cast(1 as decimal(10, 0)) FROM t UNION SELECT cast('2017-12-11 09:30:00' as date) FROM t
-- !query schema
struct<>
-- !query output
org.apache.spark.sql.AnalysisException
Union can only be performed on tables with the compatible column types. date <> decimal(10,0) at the first column of the second table


-- !query
SELECT cast(1 as string) FROM t UNION SELECT cast(2 as tinyint) FROM t
-- !query schema
struct<CAST(1 AS STRING):string>
-- !query output
1
2


-- !query
SELECT cast(1 as string) FROM t UNION SELECT cast(2 as smallint) FROM t
-- !query schema
struct<CAST(1 AS STRING):string>
-- !query output
1
2


-- !query
SELECT cast(1 as string) FROM t UNION SELECT cast(2 as int) FROM t
-- !query schema
struct<CAST(1 AS STRING):string>
-- !query output
1
2


-- !query
SELECT cast(1 as string) FROM t UNION SELECT cast(2 as bigint) FROM t
-- !query schema
struct<CAST(1 AS STRING):string>
-- !query output
1
2


-- !query
SELECT cast(1 as string) FROM t UNION SELECT cast(2 as float) FROM t
-- !query schema
struct<CAST(1 AS STRING):string>
-- !query output
1
2.0


-- !query
SELECT cast(1 as string) FROM t UNION SELECT cast(2 as double) FROM t
-- !query schema
struct<CAST(1 AS STRING):string>
-- !query output
1
2.0


-- !query
SELECT cast(1 as string) FROM t UNION SELECT cast(2 as decimal(10, 0)) FROM t
-- !query schema
struct<CAST(1 AS STRING):string>
-- !query output
1
2


-- !query
SELECT cast(1 as string) FROM t UNION SELECT cast(2 as string) FROM t
-- !query schema
struct<CAST(1 AS STRING):string>
-- !query output
1
2


-- !query
SELECT cast(1 as string) FROM t UNION SELECT cast('2' as binary) FROM t
-- !query schema
struct<>
-- !query output
org.apache.spark.sql.AnalysisException
Union can only be performed on tables with the compatible column types. binary <> string at the first column of the second table


-- !query
SELECT cast(1 as string) FROM t UNION SELECT cast(2 as boolean) FROM t
-- !query schema
struct<>
-- !query output
org.apache.spark.sql.AnalysisException
Union can only be performed on tables with the compatible column types. boolean <> string at the first column of the second table


-- !query
SELECT cast(1 as string) FROM t UNION SELECT cast('2017-12-11 09:30:00.0' as timestamp) FROM t
-- !query schema
struct<CAST(1 AS STRING):string>
-- !query output
1
2017-12-11 09:30:00


-- !query
SELECT cast(1 as string) FROM t UNION SELECT cast('2017-12-11 09:30:00' as date) FROM t
-- !query schema
struct<CAST(1 AS STRING):string>
-- !query output
1
2017-12-11


-- !query
SELECT cast('1' as binary) FROM t UNION SELECT cast(2 as tinyint) FROM t
-- !query schema
struct<>
-- !query output
org.apache.spark.sql.AnalysisException
Union can only be performed on tables with the compatible column types. tinyint <> binary at the first column of the second table


-- !query
SELECT cast('1' as binary) FROM t UNION SELECT cast(2 as smallint) FROM t
-- !query schema
struct<>
-- !query output
org.apache.spark.sql.AnalysisException
Union can only be performed on tables with the compatible column types. smallint <> binary at the first column of the second table


-- !query
SELECT cast('1' as binary) FROM t UNION SELECT cast(2 as int) FROM t
-- !query schema
struct<>
-- !query output
org.apache.spark.sql.AnalysisException
Union can only be performed on tables with the compatible column types. int <> binary at the first column of the second table


-- !query
SELECT cast('1' as binary) FROM t UNION SELECT cast(2 as bigint) FROM t
-- !query schema
struct<>
-- !query output
org.apache.spark.sql.AnalysisException
Union can only be performed on tables with the compatible column types. bigint <> binary at the first column of the second table


-- !query
SELECT cast('1' as binary) FROM t UNION SELECT cast(2 as float) FROM t
-- !query schema
struct<>
-- !query output
org.apache.spark.sql.AnalysisException
Union can only be performed on tables with the compatible column types. float <> binary at the first column of the second table


-- !query
SELECT cast('1' as binary) FROM t UNION SELECT cast(2 as double) FROM t
-- !query schema
struct<>
-- !query output
org.apache.spark.sql.AnalysisException
Union can only be performed on tables with the compatible column types. double <> binary at the first column of the second table


-- !query
SELECT cast('1' as binary) FROM t UNION SELECT cast(2 as decimal(10, 0)) FROM t
-- !query schema
struct<>
-- !query output
org.apache.spark.sql.AnalysisException
Union can only be performed on tables with the compatible column types. decimal(10,0) <> binary at the first column of the second table


-- !query
SELECT cast('1' as binary) FROM t UNION SELECT cast(2 as string) FROM t
-- !query schema
struct<>
-- !query output
org.apache.spark.sql.AnalysisException
Union can only be performed on tables with the compatible column types. string <> binary at the first column of the second table


-- !query
SELECT cast('1' as binary) FROM t UNION SELECT cast('2' as binary) FROM t
-- !query schema
struct<CAST(1 AS BINARY):binary>
-- !query output
1
2


-- !query
SELECT cast('1' as binary) FROM t UNION SELECT cast(2 as boolean) FROM t
-- !query schema
struct<>
-- !query output
org.apache.spark.sql.AnalysisException
Union can only be performed on tables with the compatible column types. boolean <> binary at the first column of the second table


-- !query
SELECT cast('1' as binary) FROM t UNION SELECT cast('2017-12-11 09:30:00.0' as timestamp) FROM t
-- !query schema
struct<>
-- !query output
org.apache.spark.sql.AnalysisException
Union can only be performed on tables with the compatible column types. timestamp <> binary at the first column of the second table


-- !query
SELECT cast('1' as binary) FROM t UNION SELECT cast('2017-12-11 09:30:00' as date) FROM t
-- !query schema
struct<>
-- !query output
org.apache.spark.sql.AnalysisException
Union can only be performed on tables with the compatible column types. date <> binary at the first column of the second table


-- !query
SELECT cast(1 as boolean) FROM t UNION SELECT cast(2 as tinyint) FROM t
-- !query schema
struct<>
-- !query output
org.apache.spark.sql.AnalysisException
Union can only be performed on tables with the compatible column types. tinyint <> boolean at the first column of the second table


-- !query
SELECT cast(1 as boolean) FROM t UNION SELECT cast(2 as smallint) FROM t
-- !query schema
struct<>
-- !query output
org.apache.spark.sql.AnalysisException
Union can only be performed on tables with the compatible column types. smallint <> boolean at the first column of the second table


-- !query
SELECT cast(1 as boolean) FROM t UNION SELECT cast(2 as int) FROM t
-- !query schema
struct<>
-- !query output
org.apache.spark.sql.AnalysisException
Union can only be performed on tables with the compatible column types. int <> boolean at the first column of the second table


-- !query
SELECT cast(1 as boolean) FROM t UNION SELECT cast(2 as bigint) FROM t
-- !query schema
struct<>
-- !query output
org.apache.spark.sql.AnalysisException
Union can only be performed on tables with the compatible column types. bigint <> boolean at the first column of the second table


-- !query
SELECT cast(1 as boolean) FROM t UNION SELECT cast(2 as float) FROM t
-- !query schema
struct<>
-- !query output
org.apache.spark.sql.AnalysisException
Union can only be performed on tables with the compatible column types. float <> boolean at the first column of the second table


-- !query
SELECT cast(1 as boolean) FROM t UNION SELECT cast(2 as double) FROM t
-- !query schema
struct<>
-- !query output
org.apache.spark.sql.AnalysisException
Union can only be performed on tables with the compatible column types. double <> boolean at the first column of the second table


-- !query
SELECT cast(1 as boolean) FROM t UNION SELECT cast(2 as decimal(10, 0)) FROM t
-- !query schema
struct<>
-- !query output
org.apache.spark.sql.AnalysisException
Union can only be performed on tables with the compatible column types. decimal(10,0) <> boolean at the first column of the second table


-- !query
SELECT cast(1 as boolean) FROM t UNION SELECT cast(2 as string) FROM t
-- !query schema
struct<>
-- !query output
org.apache.spark.sql.AnalysisException
Union can only be performed on tables with the compatible column types. string <> boolean at the first column of the second table


-- !query
SELECT cast(1 as boolean) FROM t UNION SELECT cast('2' as binary) FROM t
-- !query schema
struct<>
-- !query output
org.apache.spark.sql.AnalysisException
Union can only be performed on tables with the compatible column types. binary <> boolean at the first column of the second table


-- !query
SELECT cast(1 as boolean) FROM t UNION SELECT cast(2 as boolean) FROM t
-- !query schema
struct<CAST(1 AS BOOLEAN):boolean>
-- !query output
true


-- !query
SELECT cast(1 as boolean) FROM t UNION SELECT cast('2017-12-11 09:30:00.0' as timestamp) FROM t
-- !query schema
struct<>
-- !query output
org.apache.spark.sql.AnalysisException
Union can only be performed on tables with the compatible column types. timestamp <> boolean at the first column of the second table


-- !query
SELECT cast(1 as boolean) FROM t UNION SELECT cast('2017-12-11 09:30:00' as date) FROM t
-- !query schema
struct<>
-- !query output
org.apache.spark.sql.AnalysisException
Union can only be performed on tables with the compatible column types. date <> boolean at the first column of the second table


-- !query
SELECT cast('2017-12-12 09:30:00.0' as timestamp) FROM t UNION SELECT cast(2 as tinyint) FROM t
-- !query schema
struct<>
-- !query output
org.apache.spark.sql.AnalysisException
Union can only be performed on tables with the compatible column types. tinyint <> timestamp at the first column of the second table


-- !query
SELECT cast('2017-12-12 09:30:00.0' as timestamp) FROM t UNION SELECT cast(2 as smallint) FROM t
-- !query schema
struct<>
-- !query output
org.apache.spark.sql.AnalysisException
Union can only be performed on tables with the compatible column types. smallint <> timestamp at the first column of the second table


-- !query
SELECT cast('2017-12-12 09:30:00.0' as timestamp) FROM t UNION SELECT cast(2 as int) FROM t
-- !query schema
struct<>
-- !query output
org.apache.spark.sql.AnalysisException
Union can only be performed on tables with the compatible column types. int <> timestamp at the first column of the second table


-- !query
SELECT cast('2017-12-12 09:30:00.0' as timestamp) FROM t UNION SELECT cast(2 as bigint) FROM t
-- !query schema
struct<>
-- !query output
org.apache.spark.sql.AnalysisException
Union can only be performed on tables with the compatible column types. bigint <> timestamp at the first column of the second table


-- !query
SELECT cast('2017-12-12 09:30:00.0' as timestamp) FROM t UNION SELECT cast(2 as float) FROM t
-- !query schema
struct<>
-- !query output
org.apache.spark.sql.AnalysisException
Union can only be performed on tables with the compatible column types. float <> timestamp at the first column of the second table


-- !query
SELECT cast('2017-12-12 09:30:00.0' as timestamp) FROM t UNION SELECT cast(2 as double) FROM t
-- !query schema
struct<>
-- !query output
org.apache.spark.sql.AnalysisException
Union can only be performed on tables with the compatible column types. double <> timestamp at the first column of the second table


-- !query
SELECT cast('2017-12-12 09:30:00.0' as timestamp) FROM t UNION SELECT cast(2 as decimal(10, 0)) FROM t
-- !query schema
struct<>
-- !query output
org.apache.spark.sql.AnalysisException
Union can only be performed on tables with the compatible column types. decimal(10,0) <> timestamp at the first column of the second table


-- !query
SELECT cast('2017-12-12 09:30:00.0' as timestamp) FROM t UNION SELECT cast(2 as string) FROM t
-- !query schema
struct<CAST(2017-12-12 09:30:00.0 AS TIMESTAMP):string>
-- !query output
2
2017-12-12 09:30:00


-- !query
SELECT cast('2017-12-12 09:30:00.0' as timestamp) FROM t UNION SELECT cast('2' as binary) FROM t
-- !query schema
struct<>
-- !query output
org.apache.spark.sql.AnalysisException
Union can only be performed on tables with the compatible column types. binary <> timestamp at the first column of the second table


-- !query
SELECT cast('2017-12-12 09:30:00.0' as timestamp) FROM t UNION SELECT cast(2 as boolean) FROM t
-- !query schema
struct<>
-- !query output
org.apache.spark.sql.AnalysisException
Union can only be performed on tables with the compatible column types. boolean <> timestamp at the first column of the second table


-- !query
SELECT cast('2017-12-12 09:30:00.0' as timestamp) FROM t UNION SELECT cast('2017-12-11 09:30:00.0' as timestamp) FROM t
-- !query schema
struct<CAST(2017-12-12 09:30:00.0 AS TIMESTAMP):timestamp>
-- !query output
2017-12-11 09:30:00
2017-12-12 09:30:00


-- !query
SELECT cast('2017-12-12 09:30:00.0' as timestamp) FROM t UNION SELECT cast('2017-12-11 09:30:00' as date) FROM t
-- !query schema
struct<CAST(2017-12-12 09:30:00.0 AS TIMESTAMP):timestamp>
-- !query output
2017-12-11 00:00:00
2017-12-12 09:30:00


-- !query
SELECT cast('2017-12-12 09:30:00' as date) FROM t UNION SELECT cast(2 as tinyint) FROM t
-- !query schema
struct<>
-- !query output
org.apache.spark.sql.AnalysisException
Union can only be performed on tables with the compatible column types. tinyint <> date at the first column of the second table


-- !query
SELECT cast('2017-12-12 09:30:00' as date) FROM t UNION SELECT cast(2 as smallint) FROM t
-- !query schema
struct<>
-- !query output
org.apache.spark.sql.AnalysisException
Union can only be performed on tables with the compatible column types. smallint <> date at the first column of the second table


-- !query
SELECT cast('2017-12-12 09:30:00' as date) FROM t UNION SELECT cast(2 as int) FROM t
-- !query schema
struct<>
-- !query output
org.apache.spark.sql.AnalysisException
Union can only be performed on tables with the compatible column types. int <> date at the first column of the second table


-- !query
SELECT cast('2017-12-12 09:30:00' as date) FROM t UNION SELECT cast(2 as bigint) FROM t
-- !query schema
struct<>
-- !query output
org.apache.spark.sql.AnalysisException
Union can only be performed on tables with the compatible column types. bigint <> date at the first column of the second table


-- !query
SELECT cast('2017-12-12 09:30:00' as date) FROM t UNION SELECT cast(2 as float) FROM t
-- !query schema
struct<>
-- !query output
org.apache.spark.sql.AnalysisException
Union can only be performed on tables with the compatible column types. float <> date at the first column of the second table


-- !query
SELECT cast('2017-12-12 09:30:00' as date) FROM t UNION SELECT cast(2 as double) FROM t
-- !query schema
struct<>
-- !query output
org.apache.spark.sql.AnalysisException
Union can only be performed on tables with the compatible column types. double <> date at the first column of the second table


-- !query
SELECT cast('2017-12-12 09:30:00' as date) FROM t UNION SELECT cast(2 as decimal(10, 0)) FROM t
-- !query schema
struct<>
-- !query output
org.apache.spark.sql.AnalysisException
Union can only be performed on tables with the compatible column types. decimal(10,0) <> date at the first column of the second table


-- !query
SELECT cast('2017-12-12 09:30:00' as date) FROM t UNION SELECT cast(2 as string) FROM t
-- !query schema
struct<CAST(2017-12-12 09:30:00 AS DATE):string>
-- !query output
2
2017-12-12


-- !query
SELECT cast('2017-12-12 09:30:00' as date) FROM t UNION SELECT cast('2' as binary) FROM t
-- !query schema
struct<>
-- !query output
org.apache.spark.sql.AnalysisException
Union can only be performed on tables with the compatible column types. binary <> date at the first column of the second table


-- !query
SELECT cast('2017-12-12 09:30:00' as date) FROM t UNION SELECT cast(2 as boolean) FROM t
-- !query schema
struct<>
-- !query output
org.apache.spark.sql.AnalysisException
Union can only be performed on tables with the compatible column types. boolean <> date at the first column of the second table


-- !query
SELECT cast('2017-12-12 09:30:00' as date) FROM t UNION SELECT cast('2017-12-11 09:30:00.0' as timestamp) FROM t
-- !query schema
struct<CAST(2017-12-12 09:30:00 AS DATE):timestamp>
-- !query output
2017-12-11 09:30:00
2017-12-12 00:00:00


-- !query
SELECT cast('2017-12-12 09:30:00' as date) FROM t UNION SELECT cast('2017-12-11 09:30:00' as date) FROM t
-- !query schema
struct<CAST(2017-12-12 09:30:00 AS DATE):date>
-- !query output
2017-12-11
2017-12-12
