-- Automatically generated by SQLQueryTestSuite
-- Number of queries: 6


-- !query
SELECT udf(x) FROM (VALUES (1), (2), (NULL)) v(x)
-- !query schema
struct<CAST(udf(cast(x as string)) AS INT):int>
-- !query output
1
2
NULL


-- !query
SELECT udf(x) FROM (VALUES ('A'), ('B'), (NULL)) v(x)
-- !query schema
struct<CAST(udf(cast(x as string)) AS STRING):string>
-- !query output
A
B
NULL


-- !query
SELECT udf(x) FROM (VALUES ('NaN'), ('1'), ('2')) v(x)
-- !query schema
struct<CAST(udf(cast(x as string)) AS STRING):string>
-- !query output
1
2
NaN


-- !query
SELECT udf(x) FROM (VALUES ('Infinity'), ('1'), ('2')) v(x)
-- !query schema
struct<CAST(udf(cast(x as string)) AS STRING):string>
-- !query output
1
2
Infinity


-- !query
SELECT udf(x) FROM (VALUES ('-Infinity'), ('1'), ('2')) v(x)
-- !query schema
struct<CAST(udf(cast(x as string)) AS STRING):string>
-- !query output
-Infinity
1
2


-- !query
SELECT udf(x) FROM (VALUES 0.00000001, 0.00000002, 0.00000003) v(x)
-- !query schema
struct<CAST(udf(cast(x as string)) AS DECIMAL(8,8)):decimal(8,8)>
-- !query output
0.00000001
0.00000002
0.00000003
