-- Automatically generated by SQLQueryTestSuite
-- Number of queries: 11


-- !query
create temporary view t1 as select * from values
  ('val1a', 6S, 8, 10L, float(15.0), 20D, 20E2, timestamp '2014-04-04 00:00:00.000', date '2014-04-04'),
  ('val1b', 8S, 16, 19L, float(17.0), 25D, 26E2, timestamp '2014-05-04 01:01:00.000', date '2014-05-04'),
  ('val1a', 16S, 12, 21L, float(15.0), 20D, 20E2, timestamp '2014-06-04 01:02:00.001', date '2014-06-04'),
  ('val1a', 16S, 12, 10L, float(15.0), 20D, 20E2, timestamp '2014-07-04 01:01:00.000', date '2014-07-04'),
  ('val1c', 8S, 16, 19L, float(17.0), 25D, 26E2, timestamp '2014-05-04 01:02:00.001', date '2014-05-05'),
  ('val1d', null, 16, 22L, float(17.0), 25D, 26E2, timestamp '2014-06-04 01:01:00.000', null),
  ('val1d', null, 16, 19L, float(17.0), 25D, 26E2, timestamp '2014-07-04 01:02:00.001', null),
  ('val1e', 10S, null, 25L, float(17.0), 25D, 26E2, timestamp '2014-08-04 01:01:00.000', date '2014-08-04'),
  ('val1e', 10S, null, 19L, float(17.0), 25D, 26E2, timestamp '2014-09-04 01:02:00.001', date '2014-09-04'),
  ('val1d', 10S, null, 12L, float(17.0), 25D, 26E2, timestamp '2015-05-04 01:01:00.000', date '2015-05-04'),
  ('val1a', 6S, 8, 10L, float(15.0), 20D, 20E2, timestamp '2014-04-04 01:02:00.001', date '2014-04-04'),
  ('val1e', 10S, null, 19L, float(17.0), 25D, 26E2, timestamp '2014-05-04 01:01:00.000', date '2014-05-04')
  as t1(t1a, t1b, t1c, t1d, t1e, t1f, t1g, t1h, t1i)
-- !query schema
struct<>
-- !query output



-- !query
create temporary view t2 as select * from values
  ('val2a', 6S, 12, 14L, float(15), 20D, 20E2, timestamp '2014-04-04 01:01:00.000', date '2014-04-04'),
  ('val1b', 10S, 12, 19L, float(17), 25D, 26E2, timestamp '2014-05-04 01:01:00.000', date '2014-05-04'),
  ('val1b', 8S, 16, 119L, float(17), 25D, 26E2, timestamp '2015-05-04 01:01:00.000', date '2015-05-04'),
  ('val1c', 12S, 16, 219L, float(17), 25D, 26E2, timestamp '2016-05-04 01:01:00.000', date '2016-05-04'),
  ('val1b', null, 16, 319L, float(17), 25D, 26E2, timestamp '2017-05-04 01:01:00.000', null),
  ('val2e', 8S, null, 419L, float(17), 25D, 26E2, timestamp '2014-06-04 01:01:00.000', date '2014-06-04'),
  ('val1f', 19S, null, 519L, float(17), 25D, 26E2, timestamp '2014-05-04 01:01:00.000', date '2014-05-04'),
  ('val1b', 10S, 12, 19L, float(17), 25D, 26E2, timestamp '2014-06-04 01:01:00.000', date '2014-06-04'),
  ('val1b', 8S, 16, 19L, float(17), 25D, 26E2, timestamp '2014-07-04 01:01:00.000', date '2014-07-04'),
  ('val1c', 12S, 16, 19L, float(17), 25D, 26E2, timestamp '2014-08-04 01:01:00.000', date '2014-08-05'),
  ('val1e', 8S, null, 19L, float(17), 25D, 26E2, timestamp '2014-09-04 01:01:00.000', date '2014-09-04'),
  ('val1f', 19S, null, 19L, float(17), 25D, 26E2, timestamp '2014-10-04 01:01:00.000', date '2014-10-04'),
  ('val1b', null, 16, 19L, float(17), 25D, 26E2, timestamp '2014-05-04 01:01:00.000', null)
  as t2(t2a, t2b, t2c, t2d, t2e, t2f, t2g, t2h, t2i)
-- !query schema
struct<>
-- !query output



-- !query
create temporary view t3 as select * from values
  ('val3a', 6S, 12, 110L, float(15), 20D, 20E2, timestamp '2014-04-04 01:02:00.000', date '2014-04-04'),
  ('val3a', 6S, 12, 10L, float(15), 20D, 20E2, timestamp '2014-05-04 01:02:00.000', date '2014-05-04'),
  ('val1b', 10S, 12, 219L, float(17), 25D, 26E2, timestamp '2014-05-04 01:02:00.000', date '2014-05-04'),
  ('val1b', 10S, 12, 19L, float(17), 25D, 26E2, timestamp '2014-05-04 01:02:00.000', date '2014-05-04'),
  ('val1b', 8S, 16, 319L, float(17), 25D, 26E2, timestamp '2014-06-04 01:02:00.000', date '2014-06-04'),
  ('val1b', 8S, 16, 19L, float(17), 25D, 26E2, timestamp '2014-07-04 01:02:00.000', date '2014-07-04'),
  ('val3c', 17S, 16, 519L, float(17), 25D, 26E2, timestamp '2014-08-04 01:02:00.000', date '2014-08-04'),
  ('val3c', 17S, 16, 19L, float(17), 25D, 26E2, timestamp '2014-09-04 01:02:00.000', date '2014-09-05'),
  ('val1b', null, 16, 419L, float(17), 25D, 26E2, timestamp '2014-10-04 01:02:00.000', null),
  ('val1b', null, 16, 19L, float(17), 25D, 26E2, timestamp '2014-11-04 01:02:00.000', null),
  ('val3b', 8S, null, 719L, float(17), 25D, 26E2, timestamp '2014-05-04 01:02:00.000', date '2014-05-04'),
  ('val3b', 8S, null, 19L, float(17), 25D, 26E2, timestamp '2015-05-04 01:02:00.000', date '2015-05-04')
  as t3(t3a, t3b, t3c, t3d, t3e, t3f, t3g, t3h, t3i)
-- !query schema
struct<>
-- !query output



-- !query
SELECT (SELECT min(t3d) FROM t3) min_t3d,
       (SELECT max(t2h) FROM t2) max_t2h
FROM   t1
WHERE  t1a = 'val1c'
-- !query schema
struct<min_t3d:bigint,max_t2h:timestamp>
-- !query output
10	2017-05-04 01:01:00


-- !query
SELECT   t1a, count(*)
FROM     t1
WHERE    t1c IN (SELECT   (SELECT min(t3c) FROM t3)
                 FROM     t2
                 GROUP BY t2g
                 HAVING   count(*) > 1)
GROUP BY t1a
-- !query schema
struct<t1a:string,count(1):bigint>
-- !query output
val1a	2


-- !query
SELECT (SELECT min(t3d) FROM t3) min_t3d,
       null
FROM   t1
WHERE  t1a = 'val1c'
UNION
SELECT null,
       (SELECT max(t2h) FROM t2) max_t2h
FROM   t1
WHERE  t1a = 'val1c'
-- !query schema
struct<min_t3d:bigint,NULL:timestamp>
-- !query output
10	NULL
NULL	2017-05-04 01:01:00


-- !query
SELECT (SELECT min(t3c) FROM t3) min_t3d
FROM   t1
WHERE  t1a = 'val1a'
INTERSECT
SELECT (SELECT min(t2c) FROM t2) min_t2d
FROM   t1
WHERE  t1a = 'val1d'
-- !query schema
struct<min_t3d:int>
-- !query output
12


-- !query
SELECT q1.t1a, q2.t2a, q1.min_t3d, q2.avg_t3d
FROM   (SELECT t1a, (SELECT min(t3d) FROM t3) min_t3d
        FROM   t1
        WHERE  t1a IN ('val1e', 'val1c')) q1
       FULL OUTER JOIN
       (SELECT t2a, (SELECT avg(t3d) FROM t3) avg_t3d
        FROM   t2
        WHERE  t2a IN ('val1c', 'val2a')) q2
ON     q1.t1a = q2.t2a
AND    q1.min_t3d < q2.avg_t3d
-- !query schema
struct<t1a:string,t2a:string,min_t3d:bigint,avg_t3d:double>
-- !query output
NULL	val2a	NULL	200.83333333333334
val1c	val1c	10	200.83333333333334
val1c	val1c	10	200.83333333333334
val1e	NULL	10	NULL
val1e	NULL	10	NULL
val1e	NULL	10	NULL


-- !query
SELECT (SELECT min(t3d) FROM t3 WHERE t3.t3a = t1.t1a) min_t3d,
       (SELECT max(t2h) FROM t2 WHERE t2.t2a = t1.t1a) max_t2h
FROM   t1
WHERE  t1a = 'val1b'
-- !query schema
struct<min_t3d:bigint,max_t2h:timestamp>
-- !query output
19	2017-05-04 01:01:00


-- !query
SELECT (SELECT min(t3d) FROM t3 WHERE t3a = t1a) min_t3d
FROM   t1
WHERE  t1a = 'val1b'
MINUS
SELECT (SELECT min(t3d) FROM t3) abs_min_t3d
FROM   t1
WHERE  t1a = 'val1b'
-- !query schema
struct<min_t3d:bigint>
-- !query output
19


-- !query
SELECT t1a, t1b
FROM   t1
WHERE  NOT EXISTS (SELECT (SELECT max(t2b)
                           FROM   t2 LEFT JOIN t1
                           ON     t2a = t1a
                           WHERE  t2c = t3c) dummy
                   FROM   t3
                   WHERE  t3b < (SELECT max(t2b)
                                 FROM   t2 LEFT JOIN t1
                                 ON     t2a = t1a
                                 WHERE  t2c = t3c)
                   AND    t3a = t1a)
-- !query schema
struct<t1a:string,t1b:smallint>
-- !query output
val1a	16
val1a	16
val1a	6
val1a	6
val1c	8
val1d	10
val1d	NULL
val1d	NULL
val1e	10
val1e	10
val1e	10
