-- Automatically generated by SQLQueryTestSuite
-- Number of queries: 31


-- !query
create temporary view v as select col from values
 (timestamp '1582-06-01 11:33:33.123UTC+080000'),
 (timestamp '1970-01-01 00:00:00.000Europe/Paris'),
 (timestamp '1970-12-31 23:59:59.999Asia/Srednekolymsk'),
 (timestamp '1996-04-01 00:33:33.123Australia/Darwin'),
 (timestamp '2018-11-17 13:33:33.123Z'),
 (timestamp '2020-01-01 01:33:33.123Asia/Shanghai'),
 (timestamp '2100-01-01 01:33:33.123America/Los_Angeles') t(col)
-- !query schema
struct<>
-- !query output



-- !query
select col, date_format(col, 'G GG GGG GGGG') from v
-- !query schema
struct<col:timestamp,date_format(col, G GG GGG GGGG):string>
-- !query output
1582-05-31 19:40:35.123	AD AD AD AD
1969-12-31 15:00:00	AD AD AD AD
1970-12-31 04:59:59.999	AD AD AD AD
1996-03-31 07:03:33.123	AD AD AD AD
2018-11-17 05:33:33.123	AD AD AD AD
2019-12-31 09:33:33.123	AD AD AD AD
2100-01-01 01:33:33.123	AD AD AD AD


-- !query
select col, date_format(col, 'y yy yyy yyyy yyyyy yyyyyy') from v
-- !query schema
struct<col:timestamp,date_format(col, y yy yyy yyyy yyyyy yyyyyy):string>
-- !query output
1582-05-31 19:40:35.123	1582 82 1582 1582 01582 001582
1969-12-31 15:00:00	1969 69 1969 1969 01969 001969
1970-12-31 04:59:59.999	1970 70 1970 1970 01970 001970
1996-03-31 07:03:33.123	1996 96 1996 1996 01996 001996
2018-11-17 05:33:33.123	2018 18 2018 2018 02018 002018
2019-12-31 09:33:33.123	2019 19 2019 2019 02019 002019
2100-01-01 01:33:33.123	2100 00 2100 2100 02100 002100


-- !query
select col, date_format(col, 'q qq') from v
-- !query schema
struct<>
-- !query output
java.lang.IllegalArgumentException
Illegal pattern character 'q'


-- !query
select col, date_format(col, 'Q QQ QQQ QQQQ') from v
-- !query schema
struct<>
-- !query output
java.lang.IllegalArgumentException
Illegal pattern character 'Q'


-- !query
select col, date_format(col, 'M MM MMM MMMM') from v
-- !query schema
struct<col:timestamp,date_format(col, M MM MMM MMMM):string>
-- !query output
1582-05-31 19:40:35.123	5 05 May May
1969-12-31 15:00:00	12 12 Dec December
1970-12-31 04:59:59.999	12 12 Dec December
1996-03-31 07:03:33.123	3 03 Mar March
2018-11-17 05:33:33.123	11 11 Nov November
2019-12-31 09:33:33.123	12 12 Dec December
2100-01-01 01:33:33.123	1 01 Jan January


-- !query
select col, date_format(col, 'L LL') from v
-- !query schema
struct<col:timestamp,date_format(col, L LL):string>
-- !query output
1582-05-31 19:40:35.123	5 05
1969-12-31 15:00:00	12 12
1970-12-31 04:59:59.999	12 12
1996-03-31 07:03:33.123	3 03
2018-11-17 05:33:33.123	11 11
2019-12-31 09:33:33.123	12 12
2100-01-01 01:33:33.123	1 01


-- !query
select col, date_format(col, 'E EE EEE EEEE') from v
-- !query schema
struct<col:timestamp,date_format(col, E EE EEE EEEE):string>
-- !query output
1582-05-31 19:40:35.123	Thu Thu Thu Thursday
1969-12-31 15:00:00	Wed Wed Wed Wednesday
1970-12-31 04:59:59.999	Thu Thu Thu Thursday
1996-03-31 07:03:33.123	Sun Sun Sun Sunday
2018-11-17 05:33:33.123	Sat Sat Sat Saturday
2019-12-31 09:33:33.123	Tue Tue Tue Tuesday
2100-01-01 01:33:33.123	Fri Fri Fri Friday


-- !query
select col, date_format(col, 'F') from v
-- !query schema
struct<col:timestamp,date_format(col, F):string>
-- !query output
1582-05-31 19:40:35.123	5
1969-12-31 15:00:00	5
1970-12-31 04:59:59.999	5
1996-03-31 07:03:33.123	5
2018-11-17 05:33:33.123	3
2019-12-31 09:33:33.123	5
2100-01-01 01:33:33.123	1


-- !query
select col, date_format(col, 'd dd') from v
-- !query schema
struct<col:timestamp,date_format(col, d dd):string>
-- !query output
1582-05-31 19:40:35.123	31 31
1969-12-31 15:00:00	31 31
1970-12-31 04:59:59.999	31 31
1996-03-31 07:03:33.123	31 31
2018-11-17 05:33:33.123	17 17
2019-12-31 09:33:33.123	31 31
2100-01-01 01:33:33.123	1 01


-- !query
select col, date_format(col, 'DD') from v where col = timestamp '2100-01-01 01:33:33.123America/Los_Angeles'
-- !query schema
struct<col:timestamp,date_format(col, DD):string>
-- !query output
2100-01-01 01:33:33.123	01


-- !query
select col, date_format(col, 'D DDD') from v
-- !query schema
struct<col:timestamp,date_format(col, D DDD):string>
-- !query output
1582-05-31 19:40:35.123	151 151
1969-12-31 15:00:00	365 365
1970-12-31 04:59:59.999	365 365
1996-03-31 07:03:33.123	91 091
2018-11-17 05:33:33.123	321 321
2019-12-31 09:33:33.123	365 365
2100-01-01 01:33:33.123	1 001


-- !query
select col, date_format(col, 'H HH') from v
-- !query schema
struct<col:timestamp,date_format(col, H HH):string>
-- !query output
1582-05-31 19:40:35.123	19 19
1969-12-31 15:00:00	15 15
1970-12-31 04:59:59.999	4 04
1996-03-31 07:03:33.123	7 07
2018-11-17 05:33:33.123	5 05
2019-12-31 09:33:33.123	9 09
2100-01-01 01:33:33.123	1 01


-- !query
select col, date_format(col, 'h hh') from v
-- !query schema
struct<col:timestamp,date_format(col, h hh):string>
-- !query output
1582-05-31 19:40:35.123	7 07
1969-12-31 15:00:00	3 03
1970-12-31 04:59:59.999	4 04
1996-03-31 07:03:33.123	7 07
2018-11-17 05:33:33.123	5 05
2019-12-31 09:33:33.123	9 09
2100-01-01 01:33:33.123	1 01


-- !query
select col, date_format(col, 'k kk') from v
-- !query schema
struct<col:timestamp,date_format(col, k kk):string>
-- !query output
1582-05-31 19:40:35.123	19 19
1969-12-31 15:00:00	15 15
1970-12-31 04:59:59.999	4 04
1996-03-31 07:03:33.123	7 07
2018-11-17 05:33:33.123	5 05
2019-12-31 09:33:33.123	9 09
2100-01-01 01:33:33.123	1 01


-- !query
select col, date_format(col, 'K KK') from v
-- !query schema
struct<col:timestamp,date_format(col, K KK):string>
-- !query output
1582-05-31 19:40:35.123	7 07
1969-12-31 15:00:00	3 03
1970-12-31 04:59:59.999	4 04
1996-03-31 07:03:33.123	7 07
2018-11-17 05:33:33.123	5 05
2019-12-31 09:33:33.123	9 09
2100-01-01 01:33:33.123	1 01


-- !query
select col, date_format(col, 'm mm') from v
-- !query schema
struct<col:timestamp,date_format(col, m mm):string>
-- !query output
1582-05-31 19:40:35.123	40 40
1969-12-31 15:00:00	0 00
1970-12-31 04:59:59.999	59 59
1996-03-31 07:03:33.123	3 03
2018-11-17 05:33:33.123	33 33
2019-12-31 09:33:33.123	33 33
2100-01-01 01:33:33.123	33 33


-- !query
select col, date_format(col, 's ss') from v
-- !query schema
struct<col:timestamp,date_format(col, s ss):string>
-- !query output
1582-05-31 19:40:35.123	35 35
1969-12-31 15:00:00	0 00
1970-12-31 04:59:59.999	59 59
1996-03-31 07:03:33.123	33 33
2018-11-17 05:33:33.123	33 33
2019-12-31 09:33:33.123	33 33
2100-01-01 01:33:33.123	33 33


-- !query
select col, date_format(col, 'S SS SSS SSSS SSSSS SSSSSS SSSSSSS SSSSSSSS SSSSSSSSS') from v
-- !query schema
struct<col:timestamp,date_format(col, S SS SSS SSSS SSSSS SSSSSS SSSSSSS SSSSSSSS SSSSSSSSS):string>
-- !query output
1582-05-31 19:40:35.123	123 123 123 0123 00123 000123 0000123 00000123 000000123
1969-12-31 15:00:00	0 00 000 0000 00000 000000 0000000 00000000 000000000
1970-12-31 04:59:59.999	999 999 999 0999 00999 000999 0000999 00000999 000000999
1996-03-31 07:03:33.123	123 123 123 0123 00123 000123 0000123 00000123 000000123
2018-11-17 05:33:33.123	123 123 123 0123 00123 000123 0000123 00000123 000000123
2019-12-31 09:33:33.123	123 123 123 0123 00123 000123 0000123 00000123 000000123
2100-01-01 01:33:33.123	123 123 123 0123 00123 000123 0000123 00000123 000000123


-- !query
select col, date_format(col, 'a') from v
-- !query schema
struct<col:timestamp,date_format(col, a):string>
-- !query output
1582-05-31 19:40:35.123	PM
1969-12-31 15:00:00	PM
1970-12-31 04:59:59.999	AM
1996-03-31 07:03:33.123	AM
2018-11-17 05:33:33.123	AM
2019-12-31 09:33:33.123	AM
2100-01-01 01:33:33.123	AM


-- !query
select col, date_format(col, 'VV') from v
-- !query schema
struct<>
-- !query output
java.lang.IllegalArgumentException
Illegal pattern character 'V'


-- !query
select col, date_format(col, 'z zz zzz zzzz') from v
-- !query schema
struct<col:timestamp,date_format(col, z zz zzz zzzz):string>
-- !query output
1582-05-31 19:40:35.123	PST PST PST Pacific Standard Time
1969-12-31 15:00:00	PST PST PST Pacific Standard Time
1970-12-31 04:59:59.999	PST PST PST Pacific Standard Time
1996-03-31 07:03:33.123	PST PST PST Pacific Standard Time
2018-11-17 05:33:33.123	PST PST PST Pacific Standard Time
2019-12-31 09:33:33.123	PST PST PST Pacific Standard Time
2100-01-01 01:33:33.123	PST PST PST Pacific Standard Time


-- !query
select col, date_format(col, 'X XX XXX') from v
-- !query schema
struct<col:timestamp,date_format(col, X XX XXX):string>
-- !query output
1582-05-31 19:40:35.123	-08 -0800 -08:00
1969-12-31 15:00:00	-08 -0800 -08:00
1970-12-31 04:59:59.999	-08 -0800 -08:00
1996-03-31 07:03:33.123	-08 -0800 -08:00
2018-11-17 05:33:33.123	-08 -0800 -08:00
2019-12-31 09:33:33.123	-08 -0800 -08:00
2100-01-01 01:33:33.123	-08 -0800 -08:00


-- !query
select col, date_format(col, 'XXXX XXXXX') from v
-- !query schema
struct<>
-- !query output
java.lang.IllegalArgumentException
invalid ISO 8601 format: length=4


-- !query
select col, date_format(col, 'Z ZZ ZZZ ZZZZ ZZZZZ') from v
-- !query schema
struct<col:timestamp,date_format(col, Z ZZ ZZZ ZZZZ ZZZZZ):string>
-- !query output
1582-05-31 19:40:35.123	-0800 -0800 -0800 -0800 -0800
1969-12-31 15:00:00	-0800 -0800 -0800 -0800 -0800
1970-12-31 04:59:59.999	-0800 -0800 -0800 -0800 -0800
1996-03-31 07:03:33.123	-0800 -0800 -0800 -0800 -0800
2018-11-17 05:33:33.123	-0800 -0800 -0800 -0800 -0800
2019-12-31 09:33:33.123	-0800 -0800 -0800 -0800 -0800
2100-01-01 01:33:33.123	-0800 -0800 -0800 -0800 -0800


-- !query
select col, date_format(col, 'O OOOO') from v
-- !query schema
struct<>
-- !query output
java.lang.IllegalArgumentException
Illegal pattern character 'O'


-- !query
select col, date_format(col, 'x xx xxx xxxx xxxx xxxxx') from v
-- !query schema
struct<>
-- !query output
java.lang.IllegalArgumentException
Illegal pattern character 'x'


-- !query
select col, date_format(col, '[yyyy-MM-dd HH:mm:ss]') from v
-- !query schema
struct<col:timestamp,date_format(col, [yyyy-MM-dd HH:mm:ss]):string>
-- !query output
1582-05-31 19:40:35.123	[1582-05-31 19:40:35]
1969-12-31 15:00:00	[1969-12-31 15:00:00]
1970-12-31 04:59:59.999	[1970-12-31 04:59:59]
1996-03-31 07:03:33.123	[1996-03-31 07:03:33]
2018-11-17 05:33:33.123	[2018-11-17 05:33:33]
2019-12-31 09:33:33.123	[2019-12-31 09:33:33]
2100-01-01 01:33:33.123	[2100-01-01 01:33:33]


-- !query
select col, date_format(col, "姚123'GyYqQMLwWuEFDdhHmsSaVzZxXOV'") from v
-- !query schema
struct<col:timestamp,date_format(col, 姚123'GyYqQMLwWuEFDdhHmsSaVzZxXOV'):string>
-- !query output
1582-05-31 19:40:35.123	姚123GyYqQMLwWuEFDdhHmsSaVzZxXOV
1969-12-31 15:00:00	姚123GyYqQMLwWuEFDdhHmsSaVzZxXOV
1970-12-31 04:59:59.999	姚123GyYqQMLwWuEFDdhHmsSaVzZxXOV
1996-03-31 07:03:33.123	姚123GyYqQMLwWuEFDdhHmsSaVzZxXOV
2018-11-17 05:33:33.123	姚123GyYqQMLwWuEFDdhHmsSaVzZxXOV
2019-12-31 09:33:33.123	姚123GyYqQMLwWuEFDdhHmsSaVzZxXOV
2100-01-01 01:33:33.123	姚123GyYqQMLwWuEFDdhHmsSaVzZxXOV


-- !query
select col, date_format(col, "''") from v
-- !query schema
struct<col:timestamp,date_format(col, ''):string>
-- !query output
1582-05-31 19:40:35.123	'
1969-12-31 15:00:00	'
1970-12-31 04:59:59.999	'
1996-03-31 07:03:33.123	'
2018-11-17 05:33:33.123	'
2019-12-31 09:33:33.123	'
2100-01-01 01:33:33.123	'


-- !query
select col, date_format(col, '') from v
-- !query schema
struct<col:timestamp,date_format(col, ):string>
-- !query output
1582-05-31 19:40:35.123	
1969-12-31 15:00:00	
1970-12-31 04:59:59.999	
1996-03-31 07:03:33.123	
2018-11-17 05:33:33.123	
2019-12-31 09:33:33.123	
2100-01-01 01:33:33.123
