-- Automatically generated by SQLQueryTestSuite
-- Number of queries: 40


-- !query
CREATE TEMPORARY VIEW t AS SELECT 1.0 as a, 0.0 as b
-- !query schema
struct<>
-- !query output



-- !query
select a / b from t
-- !query schema
struct<(CAST(a AS DECIMAL(2,1)) / CAST(b AS DECIMAL(2,1))):decimal(8,6)>
-- !query output
NULL


-- !query
select a % b from t
-- !query schema
struct<(CAST(a AS DECIMAL(2,1)) % CAST(b AS DECIMAL(2,1))):decimal(1,1)>
-- !query output
NULL


-- !query
select pmod(a, b) from t
-- !query schema
struct<pmod(CAST(a AS DECIMAL(2,1)), CAST(b AS DECIMAL(2,1))):decimal(1,1)>
-- !query output
NULL


-- !query
create table decimals_test(id int, a decimal(38,18), b decimal(38,18)) using parquet
-- !query schema
struct<>
-- !query output



-- !query
insert into decimals_test values(1, 100.0, 999.0), (2, 12345.123, 12345.123),
  (3, 0.1234567891011, 1234.1), (4, 123456789123456789.0, 1.123456789123456789)
-- !query schema
struct<>
-- !query output



-- !query
select id, a+b, a-b, a*b, a/b from decimals_test order by id
-- !query schema
struct<id:int,(a + b):decimal(38,17),(a - b):decimal(38,17),(a * b):decimal(38,6),(a / b):decimal(38,6)>
-- !query output
1	1099.00000000000000000	-899.00000000000000000	99900.000000	0.100100
2	24690.24600000000000000	0.00000000000000000	152402061.885129	1.000000
3	1234.22345678910110000	-1233.97654321089890000	152.358023	0.000100
4	123456789123456790.12345678912345679	123456789123456787.87654321087654321	138698367904130467.515623	109890109097814272.043109


-- !query
select id, a*10, b/10 from decimals_test order by id
-- !query schema
struct<id:int,(CAST(a AS DECIMAL(38,18)) * CAST(CAST(10 AS DECIMAL(2,0)) AS DECIMAL(38,18))):decimal(38,15),(CAST(b AS DECIMAL(38,18)) / CAST(CAST(10 AS DECIMAL(2,0)) AS DECIMAL(38,18))):decimal(38,18)>
-- !query output
1	1000.000000000000000	99.900000000000000000
2	123451.230000000000000	1234.512300000000000000
3	1.234567891011000	123.410000000000000000
4	1234567891234567890.000000000000000	0.112345678912345679


-- !query
select 10.3 * 3.0
-- !query schema
struct<(CAST(10.3 AS DECIMAL(3,1)) * CAST(3.0 AS DECIMAL(3,1))):decimal(6,2)>
-- !query output
30.90


-- !query
select 10.3000 * 3.0
-- !query schema
struct<(CAST(10.3000 AS DECIMAL(6,4)) * CAST(3.0 AS DECIMAL(6,4))):decimal(9,5)>
-- !query output
30.90000


-- !query
select 10.30000 * 30.0
-- !query schema
struct<(CAST(10.30000 AS DECIMAL(7,5)) * CAST(30.0 AS DECIMAL(7,5))):decimal(11,6)>
-- !query output
309.000000


-- !query
select 10.300000000000000000 * 3.000000000000000000
-- !query schema
struct<(CAST(10.300000000000000000 AS DECIMAL(20,18)) * CAST(3.000000000000000000 AS DECIMAL(20,18))):decimal(38,34)>
-- !query output
30.9000000000000000000000000000000000


-- !query
select 10.300000000000000000 * 3.0000000000000000000
-- !query schema
struct<(CAST(10.300000000000000000 AS DECIMAL(21,19)) * CAST(3.0000000000000000000 AS DECIMAL(21,19))):decimal(38,34)>
-- !query output
30.9000000000000000000000000000000000


-- !query
select 2.35E10 * 1.0
-- !query schema
struct<(2.35E10 * CAST(1.0 AS DOUBLE)):double>
-- !query output
2.35E10


-- !query
select (5e36BD + 0.1) + 5e36BD
-- !query schema
struct<(CAST((CAST(5000000000000000000000000000000000000 AS DECIMAL(38,1)) + CAST(0.1 AS DECIMAL(38,1))) AS DECIMAL(38,1)) + CAST(5000000000000000000000000000000000000 AS DECIMAL(38,1))):decimal(38,1)>
-- !query output
NULL


-- !query
select (-4e36BD - 0.1) - 7e36BD
-- !query schema
struct<(CAST((CAST(-4000000000000000000000000000000000000 AS DECIMAL(38,1)) - CAST(0.1 AS DECIMAL(38,1))) AS DECIMAL(38,1)) - CAST(7000000000000000000000000000000000000 AS DECIMAL(38,1))):decimal(38,1)>
-- !query output
NULL


-- !query
select 12345678901234567890.0 * 12345678901234567890.0
-- !query schema
struct<(12345678901234567890.0 * 12345678901234567890.0):decimal(38,2)>
-- !query output
NULL


-- !query
select 1e35BD / 0.1
-- !query schema
struct<(CAST(100000000000000000000000000000000000 AS DECIMAL(37,1)) / CAST(0.1 AS DECIMAL(37,1))):decimal(38,6)>
-- !query output
NULL


-- !query
select 1.2345678901234567890E30BD * 1.2345678901234567890E25BD
-- !query schema
struct<(CAST(1234567890123456789000000000000 AS DECIMAL(31,0)) * CAST(12345678901234567890000000 AS DECIMAL(31,0))):decimal(38,0)>
-- !query output
NULL


-- !query
select 12345678912345678912345678912.1234567 + 9999999999999999999999999999999.12345
-- !query schema
struct<(CAST(12345678912345678912345678912.1234567 AS DECIMAL(38,6)) + CAST(9999999999999999999999999999999.12345 AS DECIMAL(38,6))):decimal(38,6)>
-- !query output
10012345678912345678912345678911.246907


-- !query
select 123456789123456789.1234567890 * 1.123456789123456789
-- !query schema
struct<(CAST(123456789123456789.1234567890 AS DECIMAL(36,18)) * CAST(1.123456789123456789 AS DECIMAL(36,18))):decimal(38,18)>
-- !query output
138698367904130467.654320988515622621


-- !query
select 12345678912345.123456789123 / 0.000000012345678
-- !query schema
struct<(CAST(12345678912345.123456789123 AS DECIMAL(29,15)) / CAST(1.2345678E-8 AS DECIMAL(29,15))):decimal(38,9)>
-- !query output
1000000073899961059796.725866332


-- !query
set spark.sql.decimalOperations.allowPrecisionLoss=false
-- !query schema
struct<key:string,value:string>
-- !query output
spark.sql.decimalOperations.allowPrecisionLoss	false


-- !query
select id, a+b, a-b, a*b, a/b from decimals_test order by id
-- !query schema
struct<id:int,(a + b):decimal(38,18),(a - b):decimal(38,18),(a * b):decimal(38,36),(a / b):decimal(38,18)>
-- !query output
1	1099.000000000000000000	-899.000000000000000000	NULL	0.100100100100100100
2	24690.246000000000000000	0.000000000000000000	NULL	1.000000000000000000
3	1234.223456789101100000	-1233.976543210898900000	NULL	0.000100037913541123
4	123456789123456790.123456789123456789	123456789123456787.876543210876543211	NULL	109890109097814272.043109406191131436


-- !query
select id, a*10, b/10 from decimals_test order by id
-- !query schema
struct<id:int,(CAST(a AS DECIMAL(38,18)) * CAST(CAST(10 AS DECIMAL(2,0)) AS DECIMAL(38,18))):decimal(38,18),(CAST(b AS DECIMAL(38,18)) / CAST(CAST(10 AS DECIMAL(2,0)) AS DECIMAL(38,18))):decimal(38,19)>
-- !query output
1	1000.000000000000000000	99.9000000000000000000
2	123451.230000000000000000	1234.5123000000000000000
3	1.234567891011000000	123.4100000000000000000
4	1234567891234567890.000000000000000000	0.1123456789123456789


-- !query
select 10.3 * 3.0
-- !query schema
struct<(CAST(10.3 AS DECIMAL(3,1)) * CAST(3.0 AS DECIMAL(3,1))):decimal(6,2)>
-- !query output
30.90


-- !query
select 10.3000 * 3.0
-- !query schema
struct<(CAST(10.3000 AS DECIMAL(6,4)) * CAST(3.0 AS DECIMAL(6,4))):decimal(9,5)>
-- !query output
30.90000


-- !query
select 10.30000 * 30.0
-- !query schema
struct<(CAST(10.30000 AS DECIMAL(7,5)) * CAST(30.0 AS DECIMAL(7,5))):decimal(11,6)>
-- !query output
309.000000


-- !query
select 10.300000000000000000 * 3.000000000000000000
-- !query schema
struct<(CAST(10.300000000000000000 AS DECIMAL(20,18)) * CAST(3.000000000000000000 AS DECIMAL(20,18))):decimal(38,36)>
-- !query output
30.900000000000000000000000000000000000


-- !query
select 10.300000000000000000 * 3.0000000000000000000
-- !query schema
struct<(CAST(10.300000000000000000 AS DECIMAL(21,19)) * CAST(3.0000000000000000000 AS DECIMAL(21,19))):decimal(38,37)>
-- !query output
NULL


-- !query
select 2.35E10 * 1.0
-- !query schema
struct<(2.35E10 * CAST(1.0 AS DOUBLE)):double>
-- !query output
2.35E10


-- !query
select (5e36BD + 0.1) + 5e36BD
-- !query schema
struct<(CAST((CAST(5000000000000000000000000000000000000 AS DECIMAL(38,1)) + CAST(0.1 AS DECIMAL(38,1))) AS DECIMAL(38,1)) + CAST(5000000000000000000000000000000000000 AS DECIMAL(38,1))):decimal(38,1)>
-- !query output
NULL


-- !query
select (-4e36BD - 0.1) - 7e36BD
-- !query schema
struct<(CAST((CAST(-4000000000000000000000000000000000000 AS DECIMAL(38,1)) - CAST(0.1 AS DECIMAL(38,1))) AS DECIMAL(38,1)) - CAST(7000000000000000000000000000000000000 AS DECIMAL(38,1))):decimal(38,1)>
-- !query output
NULL


-- !query
select 12345678901234567890.0 * 12345678901234567890.0
-- !query schema
struct<(12345678901234567890.0 * 12345678901234567890.0):decimal(38,2)>
-- !query output
NULL


-- !query
select 1e35BD / 0.1
-- !query schema
struct<(CAST(100000000000000000000000000000000000 AS DECIMAL(37,1)) / CAST(0.1 AS DECIMAL(37,1))):decimal(38,3)>
-- !query output
NULL


-- !query
select 1.2345678901234567890E30BD * 1.2345678901234567890E25BD
-- !query schema
struct<(CAST(1234567890123456789000000000000 AS DECIMAL(31,0)) * CAST(12345678901234567890000000 AS DECIMAL(31,0))):decimal(38,0)>
-- !query output
NULL


-- !query
select 12345678912345678912345678912.1234567 + 9999999999999999999999999999999.12345
-- !query schema
struct<(CAST(12345678912345678912345678912.1234567 AS DECIMAL(38,7)) + CAST(9999999999999999999999999999999.12345 AS DECIMAL(38,7))):decimal(38,7)>
-- !query output
NULL


-- !query
select 123456789123456789.1234567890 * 1.123456789123456789
-- !query schema
struct<(CAST(123456789123456789.1234567890 AS DECIMAL(36,18)) * CAST(1.123456789123456789 AS DECIMAL(36,18))):decimal(38,28)>
-- !query output
NULL


-- !query
select 12345678912345.123456789123 / 0.000000012345678
-- !query schema
struct<(CAST(12345678912345.123456789123 AS DECIMAL(29,15)) / CAST(1.2345678E-8 AS DECIMAL(29,15))):decimal(38,18)>
-- !query output
NULL


-- !query
drop table decimals_test
-- !query schema
struct<>
-- !query output

