-- Automatically generated by SQLQueryTestSuite
-- Number of queries: 14


-- !query
SELECT ifnull(null, 'x'), ifnull('y', 'x'), ifnull(null, null)
-- !query schema
struct<ifnull(NULL, x):string,ifnull(y, x):string,ifnull(NULL, NULL):null>
-- !query output
x	y	NULL


-- !query
SELECT nullif('x', 'x'), nullif('x', 'y')
-- !query schema
struct<nullif(x, x):string,nullif(x, y):string>
-- !query output
NULL	x


-- !query
SELECT nvl(null, 'x'), nvl('y', 'x'), nvl(null, null)
-- !query schema
struct<nvl(NULL, x):string,nvl(y, x):string,nvl(NULL, NULL):null>
-- !query output
x	y	NULL


-- !query
SELECT nvl2(null, 'x', 'y'), nvl2('n', 'x', 'y'), nvl2(null, null, null)
-- !query schema
struct<nvl2(NULL, x, y):string,nvl2(n, x, y):string,nvl2(NULL, NULL, NULL):null>
-- !query output
y	x	NULL


-- !query
SELECT ifnull(1, 2.1d), ifnull(null, 2.1d)
-- !query schema
struct<ifnull(1, 2.1):double,ifnull(NULL, 2.1):double>
-- !query output
1.0	2.1


-- !query
SELECT nullif(1, 2.1d), nullif(1, 1.0d)
-- !query schema
struct<nullif(1, 2.1):int,nullif(1, 1.0):int>
-- !query output
1	NULL


-- !query
SELECT nvl(1, 2.1d), nvl(null, 2.1d)
-- !query schema
struct<nvl(1, 2.1):double,nvl(NULL, 2.1):double>
-- !query output
1.0	2.1


-- !query
SELECT nvl2(null, 1, 2.1d), nvl2('n', 1, 2.1d)
-- !query schema
struct<nvl2(NULL, 1, 2.1):double,nvl2(n, 1, 2.1):double>
-- !query output
2.1	1.0


-- !query
SELECT boolean(1), tinyint(1), smallint(1), int(1), bigint(1)
-- !query schema
struct<CAST(1 AS BOOLEAN):boolean,CAST(1 AS TINYINT):tinyint,CAST(1 AS SMALLINT):smallint,CAST(1 AS INT):int,CAST(1 AS BIGINT):bigint>
-- !query output
true	1	1	1	1


-- !query
SELECT float(1), double(1), decimal(1)
-- !query schema
struct<CAST(1 AS FLOAT):float,CAST(1 AS DOUBLE):double,CAST(1 AS DECIMAL(10,0)):decimal(10,0)>
-- !query output
1.0	1.0	1


-- !query
SELECT date("2014-04-04"), timestamp(date("2014-04-04"))
-- !query schema
struct<CAST(2014-04-04 AS DATE):date,CAST(CAST(2014-04-04 AS DATE) AS TIMESTAMP):timestamp>
-- !query output
2014-04-04	2014-04-04 00:00:00


-- !query
SELECT string(1, 2)
-- !query schema
struct<>
-- !query output
org.apache.spark.sql.AnalysisException
Function string accepts only one argument; line 1 pos 7


-- !query
CREATE TEMPORARY VIEW tempView1 AS VALUES (1, NAMED_STRUCT('col1', 'gamma', 'col2', 'delta')) AS T(id, st)
-- !query schema
struct<>
-- !query output



-- !query
SELECT nvl(st.col1, "value"), count(*) FROM from tempView1 GROUP BY nvl(st.col1, "value")
-- !query schema
struct<nvl(st.col1, value):string,FROM:bigint>
-- !query output
gamma	1
