-- Automatically generated by SQLQueryTestSuite
-- Number of queries: 8


-- !query
select * from dummy(3)
-- !query schema
struct<>
-- !query output
org.apache.spark.sql.AnalysisException
could not resolve `dummy` to a table-valued function; line 1 pos 14


-- !query
select * from range(6 + cos(3))
-- !query schema
struct<id:bigint>
-- !query output
0
1
2
3
4


-- !query
select * from range(5, 10)
-- !query schema
struct<id:bigint>
-- !query output
5
6
7
8
9


-- !query
select * from range(0, 10, 2)
-- !query schema
struct<id:bigint>
-- !query output
0
2
4
6
8


-- !query
select * from range(0, 10, 1, 200)
-- !query schema
struct<id:bigint>
-- !query output
0
1
2
3
4
5
6
7
8
9


-- !query
select * from range(1, 1, 1, 1, 1)
-- !query schema
struct<>
-- !query output
org.apache.spark.sql.AnalysisException
error: table-valued function range with alternatives:
 (end: long)
 (start: long, end: long)
 (start: long, end: long, step: long)
 (start: long, end: long, step: long, numPartitions: integer)
cannot be applied to: (integer, integer, integer, integer, integer); line 1 pos 14


-- !query
select * from range(1, null)
-- !query schema
struct<>
-- !query output
org.apache.spark.sql.AnalysisException
error: table-valued function range with alternatives:
 (end: long)
 (start: long, end: long)
 (start: long, end: long, step: long)
 (start: long, end: long, step: long, numPartitions: integer)
cannot be applied to: (integer, null); line 1 pos 14


-- !query
select * from RaNgE(2)
-- !query schema
struct<id:bigint>
-- !query output
0
1
