-- Automatically generated by SQLQueryTestSuite
-- Number of queries: 7


-- !query
create temporary view tab_a as select * from values (1, 1) as tab_a(a1, b1)
-- !query schema
struct<>
-- !query output



-- !query
create temporary view tab_b as select * from values (1, 1) as tab_b(a2, b2)
-- !query schema
struct<>
-- !query output



-- !query
create temporary view struct_tab as select struct(col1 as a, col2 as b) as record from
 values (1, 1), (1, 2), (2, 1), (2, 2)
-- !query schema
struct<>
-- !query output



-- !query
select 1 from tab_a where (a1, b1) not in (select a2, b2 from tab_b)
-- !query schema
struct<1:int>
-- !query output



-- !query
select 1 from tab_a where (a1, b1) not in (select (a2, b2) from tab_b)
-- !query schema
struct<>
-- !query output
org.apache.spark.sql.AnalysisException
cannot resolve '(named_struct('a1', tab_a.`a1`, 'b1', tab_a.`b1`) IN (listquery()))' due to data type mismatch: 
The number of columns in the left hand side of an IN subquery does not match the
number of columns in the output of subquery.
#columns in left hand side: 2.
#columns in right hand side: 1.
Left side columns:
[tab_a.`a1`, tab_a.`b1`].
Right side columns:
[`named_struct(a2, a2, b2, b2)`].


-- !query
select count(*) from struct_tab where record in
  (select (a2 as a, b2 as b) from tab_b)
-- !query schema
struct<count(1):bigint>
-- !query output
1


-- !query
select count(*) from struct_tab where record not in
  (select (a2 as a, b2 as b) from tab_b)
-- !query schema
struct<count(1):bigint>
-- !query output
3
